node_id,Response_Time,Availability,Throughput,Reliability,Latency
1,226.77,86.44,33.899,83.21,92.23
2,248.13,100.00,37.828,96.36,108.84
3,184.96,74.58,33.243,73.61,77.39
4,252.64,77.97,27.829,75.73,105.15
5,196.85,49.15,18.067,50.13,85.51
6,142.16,33.90,13.839,32.84,63.76
7,195.10,66.10,28.946,65.52,81.18
8,230.27,100.00,39.242,98.51,99.40
9,213.04,100.00,43.009,96.57,82.77
10,247.26,100.00,32.221,98.80,94.37
11,283.37,66.10,30.746,64.67,108.26
12,256.13,79.66,31.378,78.74,107.32
13,186.86,100.00,38.287,96.96,80.03
14,212.59,40.68,17.056,39.20,94.46
15,223.03,98.31,44.640,94.88,92.83
16,209.18,83.05,30.170,80.07,90.08
17,263.04,96.61,39.670,93.59,109.07
18,229.44,69.49,29.297,69.54,101.87
19,262.75,71.19,25.111,69.33,110.71
20,226.30,100.00,35.853,97.55,93.22
21,152.85,76.27,24.629,75.90,58.44
22,259.10,81.36,33.244,80.07,102.66
23,198.59,66.10,26.638,66.20,89.80
24,247.64,55.93,21.002,56.13,103.55
25,267.94,35.59,13.606,34.37,108.61
26,278.31,64.41,29.897,63.21,111.84
27,225.78,69.49,30.809,68.40,92.07
28,224.79,84.75,32.069,83.77,92.27
29,196.93,91.53,31.663,89.55,78.52
30,231.57,69.49,26.799,69.32,92.37
31,258.07,96.61,39.940,95.47,111.27
32,213.47,71.19,29.155,68.71,84.82
33,281.88,52.54,26.277,52.10,121.21
34,240.26,98.31,33.296,95.09,104.47
35,191.12,81.36,34.472,80.30,84.41
36,235.33,61.02,24.392,60.69,99.12
37,247.90,62.71,26.106,61.86,94.31
38,152.56,47.46,16.974,47.22,59.56
39,122.39,35.59,16.578,35.84,57.04
40,215.73,79.66,31.250,78.25,92.44
41,206.22,50.85,17.679,49.93,79.61
42,244.64,71.19,23.645,68.99,107.32
43,225.15,89.83,38.055,87.81,91.93
44,228.38,100.00,47.279,98.94,92.61
45,277.34,100.00,36.933,96.64,106.46
46,241.65,100.00,40.050,98.71,99.87
47,232.92,96.61,40.579,94.92,92.39
48,255.34,83.05,38.611,81.79,109.10
49,231.53,37.29,14.947,36.02,100.02
50,273.33,89.83,30.807,88.58,109.61
51,279.35,77.97,26.292,75.79,110.23
52,218.03,59.32,22.794,58.59,86.45
53,147.71,54.24,17.272,55.05,58.27
54,181.56,50.85,17.262,50.88,76.84
55,258.80,98.31,38.601,94.65,106.64
56,244.53,100.00,41.751,96.95,105.75
57,251.13,96.61,36.623,95.49,106.21
58,227.92,79.66,30.258,76.71,100.93
59,201.32,49.15,18.473,48.31,87.86
60,256.66,88.14,30.992,85.04,108.59
61,282.68,81.36,31.465,78.51,117.45
62,209.86,67.80,24.984,67.39,87.99
63,235.75,72.88,29.814,71.00,96.73
64,215.48,77.97,26.148,77.03,88.74
65,276.25,100.00,35.583,97.81,106.18
66,230.96,81.36,36.196,80.70,96.83
67,199.28,72.88,26.954,70.55,79.02
68,248.80,93.22,38.074,91.33,101.58
69,227.16,66.10,26.891,65.26,86.63
70,263.49,61.02,21.832,59.71,107.53
71,213.53,100.00,35.494,98.25,81.70
72,260.73,96.61,36.643,93.77,113.43
73,197.85,33.90,14.273,34.08,80.06
74,205.78,40.68,16.836,40.16,80.63
75,241.99,88.14,38.757,85.84,93.08
76,194.18,76.27,29.070,74.34,88.27
77,232.85,100.00,50.488,98.17,96.74
78,191.69,71.19,28.210,70.48,79.26
79,222.79,84.75,30.221,83.03,93.55
80,238.69,69.49,26.677,69.65,104.56
81,288.27,98.31,38.168,97.02,120.91
82,196.42,83.05,27.196,81.91,79.28
83,150.26,61.02,24.815,61.02,60.61
84,212.96,76.27,33.044,74.88,94.47
85,252.38,86.44,31.151,83.16,96.32
86,268.09,55.93,21.164,54.64,114.76
87,197.43,62.71,27.181,62.44,83.74
88,248.83,81.36,40.707,78.13,97.62
89,231.31,100.00,43.844,97.46,100.98
90,269.77,55.93,19.703,54.89,105.89
91,189.87,91.53,39.016,90.74,76.33
92,213.18,76.27,26.349,74.00,82.98
93,249.36,93.22,33.146,92.47,109.12
94,247.18,67.80,22.766,67.18,107.51
95,265.98,62.71,23.240,62.06,105.04
96,218.36,69.49,24.054,69.38,83.57
97,209.61,88.14,36.637,85.41,91.47
98,175.49,77.97,29.603,75.41,73.10
99,296.78,69.49,25.281,69.36,126.13
100,239.38,91.53,43.078,89.48,91.12
101,216.51,62.71,25.935,61.84,86.37
102,238.43,59.32,23.345,59.37,104.39
103,278.76,89.83,33.253,88.52,120.46
104,246.46,72.88,31.636,71.89,104.90
105,236.49,71.19,25.280,69.67,94.76
106,249.59,83.05,26.515,80.42,99.33
107,222.49,88.14,32.113,85.82,85.01
108,288.25,72.88,26.393,71.39,117.97
109,250.45,100.00,35.672,98.74,108.87
110,277.31,100.00,40.762,98.22,106.13
111,182.17,86.44,35.029,85.46,74.20
112,265.14,94.92,48.109,93.27,108.05
113,265.05,94.92,46.695,92.96,103.86
114,207.86,45.76,18.159,45.64,91.15
115,220.46,81.36,35.734,79.72,89.50
116,271.58,61.02,22.959,61.42,117.47
117,214.52,83.05,34.237,80.36,93.09
118,308.69,67.80,26.980,65.81,121.02
119,238.62,100.00,41.109,98.04,91.48
120,195.41,49.15,29.765,49.54,82.48
121,246.98,94.92,36.937,91.99,107.22
122,237.93,74.58,38.006,73.78,104.43
123,330.81,45.76,20.898,45.43,133.68
124,272.21,62.71,28.419,61.95,114.89
125,222.43,88.14,38.900,87.54,92.49
126,242.13,100.00,41.559,97.54,95.16
127,252.87,100.00,38.267,97.18,105.89
128,214.53,100.00,36.465,98.77,93.04
129,182.08,38.98,15.592,38.75,76.93
130,178.18,77.97,31.279,77.39,71.37
131,246.76,93.22,33.317,91.85,100.08
132,178.21,74.58,24.026,72.50,76.99
133,222.30,81.36,27.941,80.66,97.58
134,258.69,100.00,43.688,98.36,109.82
135,206.22,100.00,43.888,97.72,89.21
136,184.14,81.36,32.738,80.27,76.87
137,201.91,98.31,37.109,95.85,84.30
138,242.98,96.61,36.329,95.24,95.52
139,212.56,62.71,22.459,62.92,88.90
140,232.78,89.83,33.903,86.56,97.23
141,207.41,100.00,38.854,96.10,87.37
142,262.66,57.63,20.710,55.90,103.00
143,234.75,91.53,38.718,89.54,92.14
144,363.57,55.93,21.458,56.09,144.74
145,216.93,83.05,27.805,80.62,86.55
146,214.81,71.19,27.268,68.51,92.12
147,223.49,91.53,38.645,88.31,90.74
148,216.50,88.14,32.606,85.99,96.13
149,227.83,91.53,35.603,90.55,100.78
150,211.88,100.00,37.594,97.18,81.55
151,291.41,49.15,21.486,50.00,112.34
152,227.81,88.14,36.940,85.26,95.60
153,259.37,84.75,31.425,83.14,107.26
154,202.44,74.58,28.793,71.86,78.85
155,238.33,69.49,27.758,69.71,100.46
156,262.44,83.05,35.931,82.28,109.29
157,267.51,91.53,40.759,88.99,105.22
158,190.75,93.22,38.517,91.12,84.57
159,218.32,100.00,33.681,98.85,88.50
160,231.59,67.80,25.362,66.07,96.71
161,244.67,100.00,40.625,97.26,107.86
162,355.83,59.32,23.808,59.82,147.99
163,278.04,98.31,34.874,96.20,116.58
164,231.52,94.92,37.692,91.25,93.11
165,212.01,66.10,25.628,65.17,85.14
166,176.94,93.22,39.560,92.44,82.00
167,264.14,66.10,22.109,64.01,101.01
168,252.69,100.00,39.408,97.54,110.32
169,249.45,79.66,35.273,79.46,109.77
170,270.87,66.10,28.800,64.79,106.24
171,197.10,98.31,35.360,97.09,87.55
172,239.49,88.14,31.527,85.93,105.35
173,193.34,96.61,40.340,92.90,77.20
174,206.80,100.00,40.580,96.81,83.96
175,208.92,55.93,21.162,54.26,88.61
176,210.92,61.02,23.357,59.57,88.12
177,218.47,84.75,32.835,83.20,86.57
178,233.10,76.27,28.345,76.01,101.03
179,255.05,94.92,36.618,93.42,106.01
180,235.82,84.75,29.315,81.79,100.11
181,203.34,49.15,17.968,48.37,83.12
182,253.22,96.61,34.317,95.57,102.30
183,223.84,74.58,31.577,72.68,96.81
184,263.68,54.24,21.488,53.85,103.27
185,264.70,77.97,37.287,77.71,105.91
186,244.59,81.36,31.978,78.88,99.90
187,305.81,81.36,32.330,80.53,119.01
188,202.04,86.44,38.671,83.45,90.53
189,203.70,81.36,31.760,79.48,79.37
190,252.12,91.53,35.722,89.71,107.88
191,183.29,33.90,9.670,34.79,73.27
192,253.80,57.63,20.919,57.82,109.36
193,230.25,100.00,39.680,97.23,87.52
194,209.44,100.00,39.700,96.43,83.05
195,228.49,77.97,32.753,75.67,98.84
196,183.73,72.88,30.660,70.71,73.00
197,303.21,27.12,9.474,28.61,118.24
198,224.11,71.19,29.049,70.82,90.52
199,289.24,54.24,23.601,52.52,124.38
200,210.35,81.36,29.791,80.14,92.88
201,248.23,74.58,29.172,74.17,101.04
202,235.76,94.92,33.881,92.93,95.47
203,235.87,100.00,40.020,97.51,103.75
204,226.92,94.92,42.178,94.08,92.24
205,255.43,42.37,18.500,41.19,108.72
206,240.39,91.53,34.778,88.45,103.97
207,332.22,66.10,23.983,63.71,133.91
208,218.73,96.61,39.743,94.77,92.13
209,233.36,55.93,22.781,55.00,93.59
210,257.73,84.75,40.088,84.21,103.58
211,178.71,100.00,36.468,97.53,80.77
212,238.05,100.00,43.232,97.29,102.15
213,220.54,69.49,28.988,67.85,98.50
214,215.18,84.75,27.468,82.37,86.56
215,254.70,77.97,29.967,75.15,108.97
216,190.95,91.53,36.197,90.75,81.60
217,215.38,71.19,28.346,70.58,82.19
218,275.36,77.97,32.309,77.21,112.01
219,179.93,77.97,31.459,75.36,80.28
220,248.90,84.75,34.687,84.23,97.71
221,223.41,50.85,21.316,48.84,88.72
222,214.70,55.93,19.281,53.98,87.20
223,234.36,96.61,39.069,95.61,103.74
224,235.89,71.19,23.164,69.58,100.43
225,182.73,79.66,31.340,76.70,71.93
226,228.71,100.00,38.606,97.69,99.25
227,229.58,52.54,20.388,51.90,94.50
228,187.05,83.05,39.836,82.11,78.87
229,213.81,100.00,39.519,97.55,83.24
230,256.39,54.24,17.964,53.68,109.37
231,219.40,69.49,26.287,67.03,92.45
232,244.07,54.24,24.705,53.99,105.79
233,234.43,100.00,38.236,96.19,100.65
234,198.15,88.14,34.638,85.04,87.72
235,253.31,100.00,31.997,97.36,102.10
236,242.69,66.10,29.756,65.46,103.11
237,218.08,62.71,28.140,61.34,95.78
238,184.86,84.75,39.749,82.05,73.41
239,234.26,67.80,28.323,65.32,90.19
240,242.90,69.49,26.160,68.03,105.08
241,219.30,62.71,22.389,61.25,90.88
242,223.83,55.93,20.380,56.50,86.84
243,268.82,76.27,26.406,73.34,105.22
244,245.65,100.00,40.762,96.45,101.81
245,182.99,38.98,12.699,38.68,75.86
246,240.08,42.37,18.423,41.67,93.32
247,230.65,71.19,25.246,68.81,93.49
248,262.56,91.53,38.106,88.28,110.72
249,198.17,98.31,35.522,96.45,83.78
250,264.74,86.44,35.256,83.12,114.63
251,207.26,100.00,34.977,98.21,80.33
252,290.74,35.59,17.042,34.56,123.08
253,202.26,40.68,17.363,41.58,83.24
254,205.47,64.41,22.224,64.59,78.27
255,234.03,77.97,34.684,77.71,103.27
256,284.11,89.83,34.716,87.28,112.08
257,225.88,35.59,12.427,34.35,96.69
258,301.00,88.14,33.927,87.45,126.60
259,267.19,57.63,25.615,56.04,105.37
260,249.12,100.00,43.536,98.91,96.12
261,291.18,94.92,37.382,92.69,116.43
262,350.80,37.29,17.116,36.29,142.57
263,217.12,88.14,36.534,85.52,96.56
264,195.11,71.19,32.177,70.21,88.83
265,229.83,91.53,30.494,88.48,101.67
266,265.87,96.61,41.298,93.40,115.22
267,202.61,100.00,36.851,98.09,78.10
268,228.40,94.92,34.303,93.57,88.32
269,285.91,100.00,38.834,98.89,121.68
270,253.33,69.49,29.110,68.92,103.58
271,242.30,86.44,37.608,82.99,100.52
272,188.67,67.80,29.008,66.76,73.74
273,204.07,50.85,21.640,49.38,81.00
274,268.80,83.05,29.372,82.09,112.97
275,263.76,61.02,23.941,58.79,111.31
276,226.92,94.92,38.712,92.81,95.86
277,262.65,100.00,39.153,97.57,100.21
278,258.75,86.44,31.431,83.04,109.40
279,271.55,100.00,32.827,98.73,117.60
280,210.20,100.00,34.445,98.25,87.20
281,257.92,62.71,24.337,61.39,111.74
282,202.37,98.31,31.130,95.09,91.54
283,225.05,40.68,13.576,39.36,92.46
284,216.05,94.92,39.747,94.07,84.26
285,244.23,74.58,26.693,72.67,92.92
286,215.48,72.88,30.773,71.80,94.44
287,231.92,35.59,15.086,36.87,102.97
288,253.12,84.75,33.350,81.99,110.19
289,254.53,98.31,39.477,95.95,101.42
290,209.16,89.83,37.966,88.13,85.76
291,170.29,100.00,36.722,97.07,64.93
292,224.99,71.19,25.352,69.89,94.57
293,260.35,69.49,24.995,68.40,110.06
294,248.24,100.00,39.001,97.82,106.64
295,241.08,77.97,30.955,75.25,100.22
296,207.54,69.49,29.531,68.72,91.01
297,229.79,93.22,35.785,89.59,99.77
298,259.67,88.14,31.563,85.66,110.05
299,220.94,100.00,42.459,98.61,98.85
300,266.66,55.93,25.213,54.37,106.48
301,218.83,83.05,26.613,79.89,92.31
302,243.38,64.41,25.330,62.34,99.26
303,204.03,91.53,41.617,88.50,78.27
304,246.81,88.14,34.765,85.46,97.35
305,209.88,59.32,22.908,58.66,83.75
306,189.28,47.46,20.456,47.14,72.14
307,244.25,91.53,35.631,90.62,98.18
308,230.98,93.22,34.213,90.66,88.72
309,206.47,98.31,40.429,96.43,85.90
310,248.34,100.00,45.396,98.60,106.59
311,255.21,96.61,37.568,94.71,97.02
312,213.94,84.75,33.123,82.17,81.75
313,294.21,59.32,19.839,59.59,122.95
314,234.53,72.88,29.344,71.34,97.03
315,181.82,22.03,8.681,22.19,79.83
316,219.84,91.53,35.903,88.75,94.60
317,191.38,89.83,44.732,86.39,83.26
318,228.96,100.00,38.262,96.98,99.88
319,207.88,94.92,33.114,91.83,80.83
320,184.71,94.92,38.566,93.97,80.29
321,239.26,50.85,19.465,50.83,102.25
322,189.99,77.97,31.529,76.57,74.50
323,273.18,83.05,31.525,79.79,116.62
324,209.36,71.19,26.329,70.29,91.65
325,224.66,98.31,42.880,96.03,89.31
326,236.80,77.97,31.297,76.81,95.59
327,245.31,74.58,28.757,73.60,101.46
328,250.94,44.07,15.079,44.36,108.41
329,257.57,74.58,36.630,74.49,110.62
330,265.90,52.54,20.940,51.78,103.34
331,240.98,77.97,32.007,77.45,92.14
332,246.62,84.75,32.453,81.87,96.57
333,299.21,86.44,34.698,83.44,115.51
334,239.45,83.05,40.637,80.14,104.75
335,284.85,69.49,25.087,67.09,111.79
336,248.38,64.41,24.634,62.54,96.60
337,305.02,45.76,14.738,45.19,122.48
338,319.82,86.44,36.541,83.93,125.66
339,284.50,100.00,42.875,96.06,116.35
340,241.54,89.83,40.023,88.79,101.16
341,274.58,100.00,40.675,97.16,114.79
342,242.76,100.00,35.373,98.22,94.87
343,297.64,57.63,25.754,55.69,125.15
344,221.55,72.88,23.446,70.08,84.78
345,252.99,94.92,38.344,91.43,99.69
346,206.53,100.00,43.268,98.06,86.34
347,216.97,54.24,21.846,53.72,97.37
348,243.57,89.83,30.549,87.30,104.63
349,252.46,76.27,28.574,73.38,100.78
350,219.37,100.00,39.850,98.66,87.35
351,300.93,72.88,33.214,70.68,120.44
352,211.14,86.44,38.529,85.60,85.10
353,220.06,81.36,27.690,78.95,96.09
354,183.10,83.05,34.416,80.95,71.45
355,279.91,93.22,38.142,90.41,119.12
356,259.16,66.10,26.923,63.73,111.26
357,219.69,77.97,32.906,75.39,84.51
358,248.68,57.63,19.276,55.36,101.87
359,246.68,84.75,33.708,81.92,95.25
360,221.22,71.19,31.736,69.71,96.64
361,216.89,62.71,30.542,62.14,95.59
362,280.50,100.00,39.954,98.51,109.28
363,253.59,71.19,29.721,69.38,107.99
364,299.81,83.05,36.647,81.08,122.80
365,238.45,79.66,31.508,78.45,97.19
366,290.40,77.97,28.761,76.13,110.64
367,229.81,100.00,35.908,98.25,90.62
368,238.34,76.27,32.041,74.53,95.86
369,221.20,100.00,38.608,97.52,90.46
370,225.96,84.75,35.333,82.88,93.52
371,196.74,49.15,17.747,48.59,77.33
372,241.65,76.27,29.360,75.28,94.10
373,240.16,96.61,44.004,93.19,97.96
374,297.94,96.61,39.321,95.58,113.43
375,256.88,100.00,37.350,96.05,101.24
376,242.21,98.31,40.224,95.28,92.22
377,282.86,100.00,39.223,97.52,120.67
378,247.04,69.49,29.652,69.28,96.84
379,231.10,100.00,40.655,97.01,95.27
380,263.84,57.63,22.674,58.24,105.93
381,208.77,86.44,37.596,84.99,88.01
382,244.05,100.00,41.199,98.39,103.39
383,244.54,100.00,38.597,97.58,103.08
384,254.26,71.19,25.859,70.47,109.33
385,277.24,72.88,28.667,70.71,106.33
386,243.93,84.75,28.443,82.71,97.35
387,239.00,71.19,24.050,70.48,103.38
388,240.56,100.00,45.294,96.33,99.82
389,229.92,72.88,33.229,71.26,89.21
390,279.06,100.00,45.674,97.00,119.84
391,246.91,100.00,38.979,98.13,100.53
392,212.87,100.00,34.475,98.09,93.63
393,203.76,62.71,23.954,61.51,91.92
394,248.08,66.10,26.682,64.37,99.13
395,232.76,96.61,36.359,93.58,91.88
396,228.57,28.81,9.632,28.88,101.58
397,282.57,67.80,26.936,66.29,113.20
398,279.24,91.53,34.961,87.95,113.47
399,239.60,76.27,29.496,73.87,95.17
400,238.68,81.36,31.139,79.08,92.38
401,218.85,91.53,31.273,90.79,91.37
402,233.75,72.88,30.839,71.93,99.85
403,236.50,54.24,19.656,53.72,93.34
404,237.13,79.66,29.851,77.05,101.77
405,226.30,100.00,34.894,96.17,90.45
406,211.36,47.46,20.198,46.29,83.28
407,261.66,67.80,25.065,66.75,108.04
408,272.96,71.19,31.987,69.08,111.81
409,273.87,61.02,25.824,60.17,107.57
410,237.17,100.00,40.639,98.58,95.53
411,259.52,98.31,39.304,95.58,102.61
412,165.82,47.46,15.503,47.14,72.28
413,204.65,93.22,36.635,92.16,90.60
414,256.16,72.88,27.229,70.82,106.01
415,250.14,77.97,33.427,76.70,100.22
416,206.45,98.31,42.364,96.27,87.75
417,269.65,100.00,33.510,96.29,110.07
418,274.18,89.83,31.794,88.52,116.71
419,234.02,38.98,15.922,39.51,91.84
420,224.23,77.97,35.334,76.47,95.73
421,260.32,93.22,36.217,89.88,99.04
422,242.55,100.00,41.835,96.76,95.38
423,233.84,94.92,41.595,92.68,97.46
424,220.35,52.54,20.306,50.64,95.28
425,212.91,77.97,30.881,77.82,82.93
426,217.66,69.49,21.240,67.05,94.63
427,231.40,98.31,38.163,95.77,97.79
428,210.37,89.83,32.692,89.11,88.46
429,208.72,100.00,36.616,96.55,84.77
430,202.59,57.63,24.706,55.83,91.20
431,206.90,71.19,30.373,69.24,88.18
432,197.92,84.75,31.265,83.80,86.30
433,201.61,100.00,31.627,98.60,84.53
434,226.11,100.00,39.962,97.67,89.78
435,269.24,94.92,37.697,91.91,112.39
436,232.08,100.00,34.869,96.76,91.57
437,280.73,83.05,32.504,80.62,111.34
438,305.79,76.27,28.004,75.91,124.32
439,217.78,100.00,40.407,98.94,85.88
440,271.77,100.00,37.038,96.05,112.05
441,313.57,84.75,36.143,81.83,130.04
442,189.59,61.02,25.649,60.36,82.35
443,208.85,96.61,37.593,92.88,93.98
444,272.06,98.31,39.763,97.35,104.80
445,285.67,49.15,19.131,50.02,123.54
446,258.68,59.32,23.523,57.96,102.52
447,218.59,100.00,42.575,97.34,85.55
448,239.88,100.00,37.857,96.85,101.85
449,278.81,100.00,44.134,97.57,113.62
450,168.54,67.80,25.205,65.49,67.90
451,223.89,66.10,29.608,64.01,94.38
452,237.99,84.75,31.156,83.84,94.52
453,245.09,96.61,40.836,94.09,103.80
454,286.74,81.36,26.123,79.34,109.28
455,203.52,94.92,37.382,93.24,77.49
456,206.17,55.93,20.401,54.33,85.59
457,200.83,93.22,42.841,91.77,78.67
458,230.48,100.00,37.797,96.15,99.60
459,223.60,100.00,39.206,96.25,90.08
460,221.93,67.80,24.953,67.02,93.42
461,252.15,86.44,31.528,83.84,97.40
462,224.12,76.27,30.557,74.25,87.65
463,236.69,86.44,39.485,85.91,94.21
464,222.42,96.61,45.359,93.62,97.78
465,267.77,79.66,36.966,78.49,106.18
466,183.59,79.66,31.706,77.33,84.09
467,198.57,62.71,25.290,62.80,77.68
468,222.07,77.97,33.869,75.97,85.72
469,231.03,94.92,36.824,93.14,100.45
470,199.34,49.15,18.017,49.26,77.16
471,248.94,91.53,41.800,88.18,101.99
472,252.04,100.00,38.809,98.28,107.35
473,183.30,100.00,35.982,97.32,75.96
474,241.76,72.88,24.500,72.92,106.76
475,229.79,88.14,38.064,86.68,97.86
476,281.52,81.36,36.055,81.02,108.04
477,313.31,76.27,28.922,75.69,120.44
478,254.32,83.05,30.050,81.90,104.64
479,212.67,83.05,32.682,82.41,81.29
480,220.43,89.83,34.188,88.68,86.38
481,220.17,100.00,35.938,98.80,91.47
482,231.59,100.00,35.155,96.51,100.72
483,196.94,96.61,36.305,93.15,88.66
484,242.85,77.97,33.665,74.98,104.03
485,244.84,47.46,17.749,46.94,99.11
486,231.22,66.10,32.942,64.98,93.30
487,221.56,100.00,42.784,98.09,93.42
488,260.00,84.75,32.456,83.71,101.33
489,205.76,66.10,29.569,65.03,83.25
490,248.71,91.53,34.365,89.19,107.06
491,285.20,62.71,28.711,60.79,113.72
492,251.13,76.27,29.854,75.14,105.69
493,237.31,100.00,39.856,96.09,97.46
494,271.59,100.00,39.185,97.05,108.68
495,263.82,54.24,22.100,54.82,110.97
496,196.53,79.66,31.493,78.50,86.88
497,292.88,37.29,15.008,38.31,122.58
498,219.51,88.14,35.555,85.26,91.86
499,239.99,93.22,38.443,90.66,103.36
500,203.02,55.93,21.704,55.83,78.88
501,254.46,100.00,38.280,96.47,101.63
502,231.26,89.83,37.401,89.17,94.16
503,215.01,86.44,32.302,85.52,89.08
504,269.03,96.61,38.931,94.70,112.10
505,256.03,100.00,44.828,96.08,109.38
506,254.31,77.97,32.444,74.91,104.41
507,236.35,38.98,16.211,38.73,100.64
508,249.20,100.00,38.834,98.17,106.42
509,270.05,62.71,25.673,62.61,106.20
510,193.95,69.49,24.375,66.78,83.17
511,259.11,76.27,24.157,74.18,109.64
512,224.36,64.41,22.810,64.57,89.94
513,243.04,84.75,34.567,84.24,105.02
514,239.08,84.75,32.024,82.21,103.94
515,254.43,100.00,43.853,96.13,108.53
516,335.68,77.97,34.965,77.63,135.64
517,242.60,54.24,24.187,54.07,95.58
518,262.17,100.00,38.467,96.88,113.31
519,254.17,100.00,37.429,98.30,101.90
520,247.26,89.83,34.841,87.70,102.75
521,264.60,76.27,29.698,76.02,104.94
522,230.28,93.22,36.509,90.06,101.90
523,319.57,62.71,24.512,61.13,126.91
524,239.42,72.88,27.590,72.34,91.06
525,228.25,93.22,39.632,90.37,91.02
526,235.42,45.76,16.050,44.88,96.82
527,252.87,28.81,11.568,27.83,107.04
528,258.41,81.36,28.172,79.38,108.59
529,221.96,76.27,28.844,74.16,92.77
530,245.14,84.75,33.958,81.55,107.37
531,226.02,79.66,29.291,77.02,87.18
532,292.88,55.93,20.536,53.99,118.59
533,249.66,79.66,35.078,77.70,95.70
534,195.40,100.00,45.042,98.05,87.34
535,184.19,61.02,22.664,60.79,81.50
536,215.22,67.80,26.579,67.85,82.10
537,239.17,96.61,41.963,94.84,99.52
538,217.18,100.00,38.550,98.36,85.66
539,278.64,71.19,31.277,70.04,110.01
540,226.52,98.31,37.295,94.96,96.83
541,249.64,64.41,26.556,64.78,100.05
542,271.78,64.41,23.383,63.84,114.34
543,267.39,86.44,36.000,83.30,113.67
544,180.85,98.31,34.257,96.87,83.26
545,233.03,96.61,35.471,95.74,95.20
546,228.35,100.00,37.853,98.23,99.84
547,238.45,88.14,36.104,86.09,99.34
548,265.50,88.14,32.046,87.37,114.62
549,232.46,72.88,31.572,71.52,89.24
550,249.74,96.61,33.641,94.66,99.11
551,194.20,94.92,42.504,92.93,75.06
552,316.27,94.92,39.880,91.41,125.46
553,263.25,96.61,37.259,92.85,111.10
554,255.23,91.53,35.144,90.31,98.07
555,231.05,72.88,28.000,72.61,93.62
556,238.48,50.85,17.821,50.78,100.59
557,159.88,94.92,37.358,91.21,75.48
558,372.15,64.41,26.930,64.03,148.83
559,235.63,54.24,22.117,52.36,92.83
560,188.22,93.22,34.097,91.29,84.55
561,204.46,67.80,23.279,65.33,91.57
562,248.08,100.00,39.100,98.71,100.17
563,227.80,96.61,36.505,94.05,93.47
564,318.53,77.97,29.886,75.09,122.48
565,358.21,38.98,18.425,38.33,150.34
566,293.82,57.63,23.656,56.43,124.99
567,245.91,50.85,23.371,50.28,95.90
568,238.23,88.14,35.567,87.32,92.63
569,329.26,100.00,48.113,98.71,131.24
570,267.99,74.58,33.397,73.04,116.79
571,258.91,100.00,38.645,96.33,103.78
572,234.01,74.58,33.534,71.76,102.41
573,242.67,100.00,35.553,98.47,105.75
574,279.43,59.32,21.767,59.87,108.61
575,178.36,40.68,21.255,39.55,70.51
576,225.45,98.31,37.421,95.65,97.86
577,262.06,86.44,31.719,85.21,110.18
578,257.09,94.92,36.549,93.19,111.83
579,247.11,88.14,43.267,86.62,95.49
580,230.77,91.53,30.561,88.42,97.41
581,244.59,91.53,35.024,90.72,97.75
582,264.07,91.53,38.310,89.50,104.78
583,305.57,77.97,36.370,77.28,121.08
584,237.92,52.54,21.010,51.94,93.78
585,270.32,76.27,32.268,75.63,106.62
586,222.23,71.19,28.195,69.74,87.53
587,280.54,66.10,30.513,66.07,115.49
588,201.07,100.00,37.803,97.56,90.44
589,333.44,62.71,21.746,62.68,134.52
590,205.35,100.00,38.136,97.48,87.23
591,260.59,93.22,32.883,89.66,113.09
592,218.11,83.05,35.032,82.31,85.07
593,237.52,100.00,40.847,98.03,95.76
594,232.05,100.00,40.527,96.63,101.40
595,205.16,93.22,34.019,91.65,81.80
596,214.94,57.63,25.220,58.17,94.21
597,212.60,76.27,32.601,74.65,86.08
598,221.58,83.05,34.957,80.46,88.11
599,228.96,77.97,31.711,76.32,95.81
600,167.19,59.32,24.000,57.08,64.64
601,336.53,62.71,25.858,61.03,139.10
602,240.95,74.58,24.121,73.01,92.78
603,237.92,88.14,35.548,85.60,97.99
604,199.62,59.32,26.140,59.12,78.42
605,225.14,54.24,20.858,54.04,96.96
606,265.90,94.92,35.099,91.57,110.66
607,258.66,91.53,37.948,89.35,99.93
608,203.98,91.53,43.011,88.40,86.66
609,171.91,20.34,8.103,21.67,68.88
610,230.49,93.22,32.699,90.07,87.89
611,247.05,74.58,27.597,74.30,99.83
612,226.62,77.97,30.591,76.79,87.69
613,201.16,62.71,20.752,62.98,87.38
614,197.22,86.44,38.482,83.54,79.18
615,251.10,74.58,31.833,72.96,96.52
616,212.74,64.41,24.057,63.97,86.63
617,178.93,69.49,28.086,68.74,69.58
618,240.84,61.02,21.903,61.51,103.50
619,208.22,81.36,30.030,78.87,80.12
620,234.33,79.66,34.427,77.81,97.26
621,238.17,100.00,33.735,97.24,92.13
622,216.37,86.44,30.531,85.68,92.03
623,234.69,93.22,35.118,91.86,93.46
624,194.99,81.36,36.846,79.66,75.19
625,214.40,67.80,26.592,67.29,89.18
626,279.61,98.31,33.549,97.05,111.82
627,262.67,77.97,29.893,76.36,106.07
628,288.61,79.66,32.909,78.80,122.79
629,265.86,89.83,38.945,88.76,113.27
630,240.69,91.53,39.812,88.45,97.71
631,253.92,89.83,33.026,87.32,108.26
632,252.07,100.00,42.671,98.83,109.95
633,268.32,100.00,38.537,96.55,110.77
634,214.81,69.49,26.189,67.63,84.78
635,191.10,98.31,43.015,95.28,80.99
636,329.99,98.31,37.412,95.57,132.44
637,245.41,72.88,26.890,70.71,107.07
638,198.59,86.44,32.302,84.09,84.79
639,226.56,86.44,32.389,85.07,98.90
640,235.49,79.66,30.383,77.19,97.13
641,258.89,64.41,26.195,64.20,107.84
642,225.83,100.00,40.735,96.77,88.21
643,237.11,93.22,36.838,90.07,97.63
644,272.19,94.92,39.887,91.18,112.07
645,216.55,98.31,34.895,97.22,83.80
646,238.16,38.98,15.653,40.21,95.69
647,261.49,76.27,29.369,74.98,107.25
648,174.73,49.15,19.810,49.98,77.17
649,237.18,81.36,29.784,78.32,104.53
650,214.82,61.02,24.659,61.20,96.32
651,246.16,79.66,27.789,78.18,102.67
652,236.55,55.93,20.070,54.55,104.40
653,210.53,96.61,36.559,93.37,94.74
654,236.76,96.61,38.576,94.91,94.05
655,266.67,93.22,34.605,91.06,102.73
656,228.95,88.14,30.870,86.30,90.35
657,226.51,81.36,29.434,79.64,99.20
658,224.17,84.75,30.770,82.30,86.42
659,273.27,77.97,30.576,76.96,108.17
660,221.19,77.97,30.425,76.13,98.16
661,221.14,74.58,30.400,71.98,97.01
662,223.41,67.80,25.145,67.58,95.49
663,207.07,50.85,21.678,50.22,80.62
664,206.46,59.32,21.711,58.12,81.70
665,184.83,69.49,27.557,67.44,73.97
666,204.23,69.49,34.830,68.96,92.05
667,191.49,96.61,42.013,93.96,79.68
668,268.70,57.63,20.188,55.63,103.80
669,254.93,74.58,27.996,72.49,101.51
670,207.64,67.80,28.007,67.34,86.99
671,210.18,91.53,38.701,89.37,87.43
672,215.87,84.75,32.557,82.69,86.94
673,281.83,69.49,27.357,68.93,110.95
674,237.25,100.00,39.390,98.59,102.39
675,269.90,77.97,28.089,77.10,106.47
676,216.77,93.22,42.966,92.03,90.57
677,244.56,59.32,22.151,58.78,94.74
678,201.80,100.00,36.518,97.12,86.46
679,271.27,54.24,20.657,54.41,116.78
680,266.64,88.14,29.280,86.24,102.67
681,211.32,100.00,37.352,98.85,91.22
682,239.50,100.00,40.294,97.25,103.71
683,214.90,100.00,36.902,97.31,89.19
684,244.73,98.31,37.866,96.54,103.25
685,233.18,91.53,32.916,90.37,91.64
686,278.03,86.44,27.564,83.64,109.49
687,242.33,98.31,42.749,95.53,98.11
688,235.47,72.88,31.452,72.04,96.56
689,215.77,84.75,31.319,82.61,91.39
690,218.96,67.80,26.763,66.10,94.84
691,151.56,61.02,24.276,59.18,63.58
692,235.36,98.31,38.281,96.22,98.46
693,234.08,66.10,26.411,64.72,100.78
694,215.73,93.22,39.162,91.00,92.19
695,162.51,49.15,26.667,48.61,67.72
696,212.25,79.66,27.708,77.64,95.38
697,238.17,100.00,37.320,98.59,92.98
698,253.36,100.00,42.689,98.46,96.71
699,200.87,100.00,39.147,98.64,76.84
700,308.87,44.07,17.622,44.38,118.55
701,253.20,77.97,28.724,77.84,104.59
702,272.56,89.83,32.720,87.57,105.11
703,204.15,52.54,17.297,51.40,88.80
704,248.98,100.00,41.952,97.07,106.95
705,216.42,100.00,38.529,98.23,82.87
706,244.40,100.00,40.336,96.01,94.75
707,209.52,94.92,40.642,92.65,80.88
708,216.66,79.66,31.051,78.00,97.12
709,248.05,94.92,38.627,91.44,96.18
710,240.42,96.61,37.549,93.88,101.96
711,296.15,61.02,23.653,60.56,116.45
712,238.67,66.10,26.527,64.00,100.20
713,244.56,88.14,32.916,85.52,97.64
714,190.83,91.53,43.069,89.78,83.79
715,266.57,98.31,35.955,94.64,105.79
716,255.15,100.00,33.818,96.91,104.22
717,249.09,98.31,36.467,96.39,100.98
718,262.09,62.71,24.737,60.69,111.64
719,245.67,93.22,33.758,92.32,97.00
720,224.55,81.36,28.497,79.13,89.59
721,211.88,77.97,29.512,76.50,86.36
722,190.35,76.27,29.493,74.23,72.84
723,291.58,57.63,20.571,56.46,114.41
724,219.13,50.85,19.811,51.57,91.44
725,242.33,96.61,38.436,94.75,98.40
726,215.74,76.27,32.385,74.23,87.61
727,229.03,83.05,38.486,82.29,95.35
728,269.10,84.75,30.709,81.93,105.80
729,244.32,98.31,37.121,96.69,102.73
730,288.53,89.83,40.513,88.69,116.99
731,223.45,42.37,17.864,41.73,96.27
732,207.04,93.22,36.920,92.21,82.97
733,261.16,89.83,37.986,87.83,111.12
734,281.87,100.00,47.993,97.83,115.68
735,242.34,54.24,21.932,54.33,101.94
736,220.44,83.05,28.816,80.62,98.49
737,187.44,61.02,25.758,61.43,74.96
738,226.82,76.27,35.707,75.33,89.00
739,205.51,100.00,36.476,98.06,89.19
740,232.23,71.19,31.068,69.21,97.60
741,321.90,100.00,40.391,98.34,135.78
742,213.97,77.97,30.386,75.16,90.92
743,295.24,91.53,32.373,89.18,114.70
744,268.79,91.53,37.327,90.03,102.61
745,262.57,100.00,44.562,98.15,105.87
746,201.34,89.83,34.824,87.32,85.20
747,157.72,100.00,38.764,98.76,69.00
748,229.53,62.71,21.136,61.61,98.30
749,237.82,100.00,38.281,97.09,100.54
750,239.52,98.31,38.420,97.01,103.13
751,259.59,74.58,31.359,73.76,104.96
752,268.87,77.97,31.229,77.02,116.98
753,230.08,94.92,37.746,91.80,87.63
754,235.59,98.31,38.076,95.13,97.68
755,261.08,77.97,27.862,76.80,99.95
756,285.82,79.66,31.703,78.92,121.55
757,208.03,84.75,35.882,82.06,92.87
758,195.46,88.14,31.596,85.42,83.06
759,240.17,94.92,34.566,92.39,99.25
760,228.47,89.83,29.296,87.23,89.30
761,212.75,77.97,30.687,76.48,91.77
762,317.22,62.71,25.606,61.25,122.10
763,197.31,61.02,26.033,59.62,83.26
764,234.65,100.00,35.424,97.18,102.32
765,307.51,79.66,28.090,78.40,122.92
766,215.65,67.80,29.534,66.56,82.57
767,232.44,76.27,29.954,73.65,95.28
768,244.97,52.54,21.517,51.54,97.55
769,255.90,100.00,40.571,98.93,101.11
770,185.84,72.88,29.635,70.17,75.80
771,223.76,93.22,38.016,90.32,86.98
772,199.93,94.92,38.025,92.24,79.46
773,265.00,77.97,28.435,76.79,106.97
774,272.98,54.24,22.122,52.12,111.08
775,183.90,66.10,27.074,64.74,78.78
776,223.23,91.53,36.986,88.93,96.70
777,284.67,93.22,37.197,92.17,112.02
778,243.57,62.71,29.429,60.91,92.97
779,293.44,67.80,29.304,68.08,124.25
780,298.19,72.88,30.369,71.71,123.53
781,204.02,62.71,24.869,61.30,80.04
782,263.47,93.22,33.969,90.31,102.15
783,216.57,72.88,31.958,72.23,86.71
784,197.76,50.85,17.549,51.34,76.07
785,188.99,59.32,19.769,58.46,77.16
786,267.39,88.14,32.879,86.41,107.26
787,237.62,100.00,35.635,98.98,99.13
788,208.99,81.36,29.334,80.25,84.34
789,262.32,62.71,27.122,61.47,108.02
790,246.62,72.88,30.651,70.20,96.04
791,172.65,47.46,19.071,48.24,65.78
792,295.27,76.27,31.636,75.16,118.54
793,250.73,96.61,36.570,93.17,107.64
794,230.16,86.44,32.796,84.09,96.17
795,274.29,59.32,25.838,59.53,112.62
796,227.29,100.00,38.842,98.22,93.81
797,260.39,100.00,37.634,96.41,111.56
798,217.00,69.49,28.237,67.97,93.30
799,201.85,84.75,37.351,81.61,81.88
800,225.49,100.00,43.220,97.48,86.52
801,262.80,100.00,36.756,97.38,105.12
802,266.82,96.61,34.352,93.63,108.44
803,222.49,96.61,39.317,94.59,85.68
804,254.77,100.00,48.208,98.71,110.44
805,215.52,86.44,35.146,85.79,92.05
806,178.89,42.37,16.620,43.55,75.08
807,206.97,66.10,24.424,65.24,88.18
808,261.93,86.44,40.267,84.74,107.52
809,287.76,100.00,47.416,96.54,116.26
810,286.86,83.05,29.941,82.07,122.37
811,225.27,62.71,25.224,62.00,86.82
812,224.61,57.63,21.253,58.18,95.71
813,245.42,72.88,24.446,71.40,93.71
814,235.34,76.27,26.147,75.81,103.09
815,215.15,100.00,36.921,96.26,90.09
816,245.68,98.31,35.320,96.01,99.57
817,234.52,69.49,25.741,68.91,90.11
818,342.31,27.12,9.421,27.60,134.13
819,219.74,98.31,38.068,95.81,97.47
820,239.79,91.53,40.123,90.84,101.37
821,339.52,62.71,24.220,60.23,136.18
822,233.25,100.00,40.432,97.23,92.41
823,307.37,76.27,27.975,74.33,119.87
824,241.64,100.00,41.575,96.96,97.98
825,247.50,96.61,33.565,94.03,103.55
826,228.84,33.90,12.506,33.16,100.00
827,176.02,67.80,26.448,67.61,80.76
828,216.74,79.66,33.728,77.96,91.00
829,199.13,84.75,30.640,82.64,81.37
830,252.78,100.00,36.993,98.57,99.38
831,263.01,33.90,12.337,35.46,103.05
832,273.60,94.92,37.586,92.47,113.08
833,203.07,76.27,30.187,74.98,84.46
834,240.79,100.00,40.532,98.15,95.05
835,275.85,98.31,36.656,97.06,106.21
836,286.51,89.83,33.351,89.20,114.21
837,246.33,96.61,41.149,94.54,100.19
838,219.80,84.75,32.223,81.78,87.71
839,263.49,94.92,41.375,91.38,104.85
840,185.59,88.14,33.082,85.44,74.46
841,232.75,100.00,36.937,96.31,99.56
842,277.75,47.46,16.138,46.72,110.67
843,239.76,84.75,31.399,83.59,102.18
844,196.52,91.53,43.441,90.53,83.23
845,246.54,100.00,38.926,97.08,95.62
846,208.34,84.75,33.433,83.81,91.07
847,205.81,89.83,38.869,87.25,78.41
848,248.02,83.05,33.962,81.35,104.23
849,194.25,81.36,29.942,78.28,79.26
850,256.50,59.32,19.594,59.35,111.10
851,265.96,89.83,38.926,88.64,104.60
852,262.41,100.00,35.713,96.03,113.40
853,228.49,98.31,42.548,96.67,94.46
854,253.47,57.63,25.510,57.75,106.10
855,300.10,100.00,33.165,98.73,123.53
856,239.87,52.54,21.802,53.16,99.61
857,249.88,91.53,36.776,90.05,107.83
858,193.41,79.66,32.678,78.25,80.02
859,279.31,77.97,30.099,77.14,114.80
860,275.40,100.00,39.359,96.66,113.85
861,237.83,84.75,32.460,81.55,104.10
862,220.31,100.00,35.792,97.29,96.05
863,179.09,50.85,19.974,50.38,74.93
864,292.25,100.00,36.254,98.66,120.94
865,255.43,71.19,31.055,70.16,98.42
866,211.32,100.00,33.561,98.48,86.43
867,285.70,88.14,32.654,86.71,111.26
868,261.05,81.36,33.042,80.36,101.63
869,246.76,100.00,43.647,98.60,94.21
870,198.97,62.71,27.764,60.82,80.74
871,251.51,96.61,46.323,95.00,100.87
872,300.22,93.22,36.021,91.54,124.03
873,245.56,100.00,36.287,98.71,104.22
874,253.05,100.00,36.110,97.16,99.30
875,220.46,88.14,37.947,86.80,90.31
876,290.98,77.97,31.038,76.96,123.04
877,234.25,88.14,37.760,84.84,101.49
878,205.91,91.53,32.847,90.79,82.18
879,297.01,57.63,22.821,55.95,118.51
880,186.85,81.36,34.827,79.40,77.40
881,175.02,93.22,31.986,92.45,78.79
882,262.72,76.27,33.783,75.92,102.92
883,213.75,88.14,33.186,87.06,89.22
884,268.83,88.14,29.290,85.09,110.07
885,224.26,88.14,34.520,84.65,99.05
886,228.70,50.85,17.164,51.09,87.22
887,261.66,91.53,33.532,87.99,113.12
888,198.66,32.20,16.388,32.00,84.96
889,231.93,25.42,8.555,25.38,88.14
890,249.08,50.85,22.948,50.90,102.79
891,190.23,66.10,27.163,63.85,72.49
892,162.86,83.05,31.322,81.23,68.68
893,245.96,93.22,35.488,90.28,104.48
894,271.13,96.61,35.774,95.58,114.56
895,250.48,62.71,25.286,61.11,107.15
896,241.22,100.00,39.978,97.10,99.90
897,219.70,52.54,25.541,51.63,95.90
898,226.82,64.41,29.832,62.79,87.99
899,251.68,98.31,40.956,95.99,104.56
900,258.37,100.00,40.352,97.10,99.46
901,228.73,66.10,29.307,65.76,88.64
902,259.87,54.24,18.337,52.77,100.66
903,238.52,98.31,40.371,96.41,104.96
904,244.41,79.66,26.552,77.90,98.39
905,232.04,79.66,28.908,76.63,99.22
906,204.43,100.00,39.579,96.16,81.63
907,227.32,45.76,17.978,45.92,97.55
908,226.96,91.53,44.400,90.18,100.85
909,227.71,100.00,45.703,97.89,98.43
910,276.89,67.80,30.180,67.71,118.66
911,251.83,100.00,41.772,96.08,96.13
912,263.36,64.41,24.102,64.09,108.81
913,195.70,54.24,23.022,54.70,76.45
914,213.65,79.66,31.999,79.47,89.96
915,224.76,88.14,32.072,84.82,92.98
916,216.89,100.00,35.970,98.67,95.21
917,228.20,69.49,28.435,67.07,90.06
918,244.25,93.22,34.461,91.61,95.71
919,226.34,81.36,34.037,78.99,94.03
920,296.83,67.80,26.400,65.34,127.08
921,243.30,88.14,33.667,84.66,94.56
922,211.99,47.46,16.248,46.04,88.59
923,273.92,98.31,44.275,94.45,105.18
924,217.23,79.66,30.095,79.46,91.10
925,259.24,66.10,24.860,64.75,103.06
926,235.99,83.05,33.216,81.06,97.83
927,231.77,100.00,39.015,96.84,102.98
928,262.69,89.83,28.445,87.44,107.76
929,230.39,88.14,32.908,87.47,93.39
930,248.84,98.31,37.391,94.70,96.86
931,229.32,50.85,20.278,49.92,96.72
932,240.46,84.75,35.406,81.55,96.36
933,229.51,84.75,35.206,83.33,94.44
934,278.88,100.00,39.951,98.36,112.12
935,285.12,55.93,21.615,55.87,117.19
936,244.13,100.00,36.538,98.34,96.45
937,216.56,96.61,36.118,95.14,90.66
938,272.16,88.14,35.445,86.55,110.82
939,283.50,47.46,21.150,48.48,122.31
940,218.76,62.71,25.573,61.81,94.63
941,247.59,76.27,30.414,74.65,105.11
942,200.18,67.80,28.735,67.50,85.87
943,252.36,100.00,34.482,96.80,108.16
944,262.78,84.75,32.509,84.34,108.44
945,259.42,94.92,34.438,92.66,112.76
946,259.12,89.83,42.934,86.26,102.36
947,255.85,89.83,34.161,87.18,101.19
948,237.63,52.54,20.527,52.64,94.78
949,223.50,79.66,27.379,76.65,98.83
950,259.40,94.92,42.805,91.39,105.38
951,245.43,86.44,36.862,85.21,102.92
952,242.71,86.44,32.705,85.79,103.39
953,183.71,52.54,21.742,52.35,80.58
954,313.34,69.49,28.338,67.07,120.89
955,221.35,61.02,21.937,60.44,95.00
956,221.77,94.92,36.027,92.47,89.50
957,196.40,37.29,18.938,37.94,75.31
958,176.58,93.22,32.520,90.12,69.41
959,232.28,71.19,25.986,69.34,98.25
960,237.89,62.71,28.574,61.61,91.11
961,279.62,100.00,41.355,98.88,110.34
962,289.51,100.00,39.746,97.12,113.39
963,306.30,89.83,35.623,86.64,122.92
964,262.85,89.83,31.322,86.80,112.48
965,213.26,91.53,35.528,90.14,93.37
966,177.52,59.32,19.919,59.79,75.80
967,196.56,98.31,42.341,94.53,86.31
968,311.13,40.68,18.120,39.65,128.44
969,254.05,54.24,21.713,54.16,99.97
970,226.26,61.02,24.966,59.89,91.86
971,238.40,96.61,43.620,95.66,104.78
972,224.43,30.51,13.775,30.96,93.22
973,271.02,91.53,31.434,88.08,106.41
974,238.55,61.02,24.659,61.04,93.00
975,250.71,61.02,24.140,58.86,107.70
976,206.65,71.19,29.834,70.25,88.62
977,218.82,74.58,35.624,73.40,91.47
978,316.59,100.00,44.319,97.87,128.06
979,207.58,91.53,34.555,88.07,81.00
980,215.27,69.49,22.979,67.75,91.53
981,240.11,94.92,41.395,93.91,96.42
982,310.80,69.49,23.833,67.86,130.44
983,201.78,98.31,40.918,95.93,89.01
984,254.71,98.31,33.986,95.17,102.46
985,284.71,94.92,42.874,92.89,112.93
986,337.73,100.00,41.781,96.74,138.06
987,243.17,72.88,33.149,72.17,105.17
988,246.57,100.00,39.030,98.22,99.16
989,223.33,86.44,34.770,84.53,86.72
990,206.18,89.83,34.236,88.70,84.44
991,236.75,100.00,45.705,98.36,90.90
992,246.58,72.88,30.273,70.14,94.11
993,236.43,52.54,22.563,51.32,98.25
994,318.94,93.22,34.925,91.21,125.12
995,230.80,100.00,37.767,96.90,98.38
996,309.98,64.41,25.622,62.45,126.16
997,246.37,77.97,31.933,76.88,101.30
998,295.82,98.31,38.657,95.37,124.52
999,195.25,100.00,39.465,97.96,86.97
1000,228.56,77.97,30.397,77.41,99.65
1001,266.31,54.24,19.762,52.47,113.52
1002,322.05,52.54,20.162,52.70,125.90
1003,258.76,66.10,28.067,64.54,110.19
1004,251.21,94.92,40.172,92.71,101.68
1005,201.58,100.00,38.330,97.20,83.68
1006,197.37,86.44,33.624,85.29,89.57
1007,300.74,100.00,35.598,98.65,116.85
1008,271.64,52.54,19.134,50.98,107.38
1009,249.94,81.36,33.157,79.08,106.41
1010,227.04,57.63,26.389,56.33,101.24
1011,211.86,91.53,35.898,88.24,87.39
1012,242.98,91.53,32.220,89.45,97.38
1013,269.42,77.97,36.391,76.33,107.84
1014,182.15,67.80,29.676,65.41,74.19
1015,235.17,86.44,34.112,84.04,102.39
1016,159.35,83.05,32.184,82.64,70.54
1017,220.13,54.24,23.981,53.20,90.26
1018,262.17,23.73,9.793,25.09,105.43
1019,223.13,66.10,25.691,64.50,85.07
1020,287.59,86.44,36.654,85.69,119.26
1021,245.09,100.00,37.576,96.08,96.45
1022,260.15,96.61,33.742,93.25,101.76
1023,228.50,98.31,39.873,97.23,99.56
1024,209.36,71.19,31.414,70.42,81.84
1025,177.11,42.37,16.561,42.37,77.87
1026,234.18,86.44,43.141,84.45,99.30
1027,286.81,91.53,34.050,88.98,117.73
1028,299.87,96.61,39.789,95.04,124.85
1029,231.63,89.83,33.593,89.11,93.92
1030,223.55,100.00,36.547,96.39,93.31
1031,209.47,64.41,26.963,64.47,91.21
1032,266.40,76.27,25.077,74.44,101.59
1033,239.29,77.97,29.671,77.43,94.23
1034,208.52,71.19,26.890,71.31,84.66
1035,248.51,23.73,8.833,25.11,105.17
1036,177.94,42.37,18.981,41.69,77.93
1037,203.21,88.14,30.373,86.10,78.40
1038,202.39,88.14,36.195,85.62,90.19
1039,270.30,72.88,31.458,72.25,114.11
1040,226.90,93.22,36.769,90.03,88.86
1041,238.77,91.53,40.135,90.43,100.06
1042,322.71,50.85,19.451,50.24,137.27
1043,277.39,54.24,20.959,52.33,110.17
1044,172.59,100.00,44.301,96.80,76.58
1045,182.75,96.61,42.689,94.84,72.85
1046,289.60,71.19,25.365,70.98,114.66
1047,301.15,79.66,31.521,76.80,123.17
1048,263.26,83.05,33.794,81.20,102.06
1049,259.13,44.07,17.124,42.71,102.96
1050,239.01,83.05,37.802,81.28,103.09
1051,169.64,83.05,33.215,80.11,68.49
1052,213.08,93.22,39.981,89.95,81.79
1053,250.83,84.75,32.447,83.65,100.16
1054,272.78,79.66,31.365,77.93,115.25
1055,249.28,86.44,30.629,84.93,107.97
1056,231.61,83.05,30.146,82.63,90.14
1057,251.18,76.27,30.129,75.16,100.05
1058,195.24,32.20,11.830,31.70,84.68
1059,263.66,76.27,26.778,74.54,105.14
1060,214.85,64.41,24.061,63.93,84.09
1061,229.31,100.00,39.355,97.76,95.46
1062,221.59,91.53,34.047,88.29,93.76
1063,233.34,77.97,30.802,77.82,101.88
1064,236.35,89.83,40.979,86.51,101.96
1065,307.61,77.97,27.627,76.43,130.46
1066,195.19,61.02,27.225,60.55,81.03
1067,233.20,91.53,33.651,88.80,100.47
1068,219.59,61.02,24.593,58.72,83.57
1069,218.08,84.75,34.327,84.32,95.66
1070,236.29,62.71,24.048,60.41,92.72
1071,210.01,59.32,21.779,57.34,81.18
1072,228.31,100.00,39.710,96.82,99.37
1073,317.11,33.90,10.752,35.24,123.92
1074,200.85,64.41,25.739,62.55,85.97
1075,205.84,77.97,26.840,77.57,83.81
1076,244.56,86.44,32.947,85.25,99.24
1077,248.15,84.75,31.514,81.98,99.00
1078,205.51,96.61,42.867,94.07,87.92
1079,259.53,50.85,16.963,49.75,106.76
1080,226.29,81.36,35.210,80.70,90.71
1081,267.88,100.00,37.986,96.47,110.63
1082,242.86,86.44,31.793,85.79,105.83
1083,282.29,100.00,42.240,98.94,120.70
1084,273.01,91.53,36.387,90.67,109.30
1085,228.42,100.00,33.096,96.30,94.27
1086,239.80,79.66,34.485,77.64,91.86
1087,259.29,100.00,32.976,98.24,113.50
1088,232.52,71.19,29.660,70.04,88.94
1089,260.68,66.10,28.053,64.09,112.54
1090,206.39,96.61,38.514,93.95,86.70
1091,204.28,94.92,34.997,93.21,80.35
1092,244.08,100.00,38.906,96.22,100.85
1093,332.01,66.10,26.312,65.10,127.87
1094,243.53,62.71,23.614,62.60,101.44
1095,208.16,50.85,19.640,50.80,89.39
1096,169.15,62.71,24.366,62.48,71.35
1097,256.54,100.00,33.847,96.63,108.43
1098,219.25,100.00,35.360,97.20,95.84
1099,262.50,55.93,21.317,53.88,110.66
1100,249.25,98.31,39.453,97.33,105.40
1101,263.85,100.00,41.042,97.88,108.83
1102,216.25,100.00,42.868,97.24,96.93
1103,200.22,100.00,49.906,96.60,76.56
1104,263.60,100.00,27.914,96.63,110.74
1105,227.09,61.02,26.908,59.25,93.73
1106,251.73,100.00,40.711,98.17,101.47
1107,197.14,94.92,39.548,92.36,84.26
1108,185.57,59.32,20.086,58.26,77.72
1109,224.37,91.53,35.640,90.72,99.11
1110,224.68,84.75,37.100,83.38,87.38
1111,227.55,89.83,37.583,88.27,99.82
1112,220.87,93.22,36.017,91.76,84.16
1113,287.32,91.53,30.936,89.18,113.22
1114,215.12,100.00,37.729,96.40,87.37
1115,214.27,100.00,42.738,97.69,84.84
1116,289.81,86.44,30.090,85.83,121.62
1117,249.16,83.05,31.606,82.09,104.85
1118,251.82,100.00,43.163,98.70,108.48
1119,251.61,72.88,32.066,72.02,107.38
1120,266.92,100.00,42.431,96.96,108.73
1121,232.08,89.83,41.419,87.01,99.06
1122,267.04,100.00,47.000,98.53,114.04
1123,300.35,88.14,33.409,87.57,115.59
1124,293.02,69.49,25.135,67.35,121.31
1125,241.00,88.14,34.305,85.62,106.53
1126,222.17,72.88,27.802,70.58,99.00
1127,223.40,100.00,42.978,97.58,94.69
1128,262.25,84.75,33.055,84.02,102.51
1129,218.99,96.61,39.298,95.59,93.85
1130,257.65,94.92,37.756,91.24,108.66
1131,263.64,98.31,34.981,96.26,110.17
1132,200.55,71.19,24.822,70.51,77.60
1133,231.54,83.05,33.633,82.14,99.50
1134,239.01,96.61,42.003,94.94,96.86
1135,270.58,89.83,33.017,87.80,111.70
1136,227.76,100.00,42.920,98.68,93.16
1137,229.20,91.53,29.843,88.46,101.23
1138,211.46,81.36,28.577,80.95,81.49
1139,235.09,62.71,22.622,62.71,92.10
1140,191.63,86.44,36.087,83.07,84.35
1141,197.74,69.49,27.955,68.62,75.99
1142,261.35,93.22,34.272,91.46,108.97
1143,244.34,52.54,21.137,52.37,94.47
1144,291.47,81.36,36.771,79.54,119.90
1145,268.72,84.75,37.255,81.94,107.38
1146,237.79,37.29,20.697,38.49,90.57
1147,196.87,86.44,38.028,85.46,80.95
1148,234.49,83.05,37.388,80.22,104.02
1149,200.18,64.41,27.051,63.33,82.69
1150,244.58,93.22,34.192,90.97,96.31
1151,280.39,91.53,33.732,87.88,112.13
1152,214.82,74.58,31.832,72.20,81.79
1153,245.20,49.15,20.161,49.11,101.00
1154,235.97,79.66,32.127,79.34,101.20
1155,209.27,84.75,34.972,82.29,87.72
1156,299.23,83.05,32.115,81.92,125.16
1157,143.62,47.46,18.458,47.07,65.41
1158,257.65,100.00,41.659,96.48,106.84
1159,224.91,100.00,43.168,98.13,100.17
1160,276.62,94.92,31.095,93.04,110.38
1161,194.22,35.59,11.647,34.97,85.70
1162,245.11,77.97,35.254,76.66,100.82
1163,219.08,100.00,39.327,98.08,97.50
1164,206.07,57.63,22.540,55.76,88.53
1165,275.98,28.81,9.779,27.98,112.51
1166,235.01,61.02,23.450,59.61,103.57
1167,246.99,86.44,37.332,84.54,104.55
1168,269.37,94.92,38.767,92.31,106.09
1169,236.79,91.53,33.237,88.75,97.04
1170,234.57,98.31,42.002,97.07,94.17
1171,186.70,71.19,27.737,69.39,72.07
1172,174.89,96.61,37.871,94.40,69.50
1173,288.26,98.31,40.426,95.20,112.45
1174,271.27,94.92,36.058,93.13,110.65
1175,263.09,64.41,26.432,64.53,112.03
1176,240.23,100.00,40.538,96.09,96.00
1177,237.45,72.88,29.235,71.15,100.30
1178,264.78,93.22,38.207,91.71,114.58
1179,213.01,61.02,21.466,60.20,83.65
1180,256.05,96.61,36.885,95.37,107.59
1181,245.96,91.53,34.907,88.94,105.37
1182,270.10,91.53,31.335,88.17,113.10
1183,256.02,79.66,33.635,79.16,100.42
1184,269.40,76.27,32.760,74.40,106.89
1185,243.88,98.31,41.286,96.19,97.19
1186,204.53,84.75,30.412,83.15,84.58
1187,177.74,52.54,19.695,51.63,71.91
1188,247.34,47.46,20.571,47.25,105.44
1189,202.49,38.98,13.707,37.93,79.64
1190,260.24,77.97,33.517,75.42,111.65
1191,190.30,93.22,46.122,90.56,78.02
1192,234.03,100.00,37.450,98.58,101.26
1193,156.90,30.51,8.657,31.45,69.42
1194,244.27,100.00,37.748,97.02,94.35
1195,317.13,33.90,11.507,34.05,134.20
1196,319.21,64.41,24.598,63.21,129.22
1197,148.82,30.51,12.699,31.74,59.31
1198,218.66,100.00,36.742,97.71,94.52
1199,214.69,67.80,26.305,65.15,82.28
1200,223.87,57.63,19.357,55.33,87.02
1201,252.40,94.92,34.905,93.09,98.11
1202,193.54,93.22,32.345,91.15,86.05
1203,220.58,57.63,23.099,57.09,98.75
1204,276.70,33.90,11.850,33.63,105.71
1205,312.85,55.93,21.851,55.92,120.08
1206,237.59,96.61,36.457,93.48,101.35
1207,218.08,55.93,19.934,56.49,90.24
1208,229.04,100.00,33.294,96.39,94.10
1209,198.96,100.00,39.718,96.91,85.82
1210,207.67,98.31,38.502,97.14,91.63
1211,284.09,62.71,23.376,62.68,117.84
1212,258.02,93.22,36.240,91.64,107.52
1213,197.70,98.31,37.633,95.75,89.33
1214,278.93,71.19,35.462,68.84,114.58
1215,247.12,98.31,35.240,96.49,106.55
1216,263.83,98.31,37.471,95.25,107.67
1217,218.82,79.66,27.598,77.42,85.11
1218,225.91,98.31,41.937,94.74,88.79
1219,228.53,96.61,40.554,93.29,89.34
1220,158.17,72.88,29.343,69.97,68.66
1221,228.63,94.92,30.678,92.86,93.08
1222,259.45,88.14,32.584,86.39,113.06
1223,243.01,57.63,25.340,55.81,105.26
1224,268.79,40.68,17.308,39.47,105.70
1225,282.62,88.14,30.498,85.83,114.33
1226,247.75,72.88,27.950,72.29,95.94
1227,238.33,40.68,16.993,40.34,100.36
1228,268.24,55.93,17.811,54.41,109.21
1229,233.00,71.19,25.212,69.79,92.69
1230,210.59,88.14,33.613,86.82,93.21
1231,216.75,89.83,35.480,88.59,93.37
1232,195.58,57.63,24.161,56.02,76.93
1233,208.32,91.53,38.229,89.70,93.92
1234,280.08,94.92,41.445,93.85,114.86
1235,207.73,100.00,32.733,96.61,80.60
1236,187.94,67.80,25.348,65.65,73.67
1237,218.43,47.46,19.567,46.39,90.54
1238,274.53,100.00,40.404,96.59,109.52
1239,236.15,100.00,40.175,97.58,95.27
1240,234.42,98.31,43.895,95.10,101.49
1241,264.77,62.71,28.726,63.20,103.90
1242,221.86,79.66,31.075,77.93,90.00
1243,245.04,96.61,39.045,94.81,94.98
1244,252.93,100.00,31.437,98.11,97.07
1245,242.79,86.44,44.647,84.23,93.82
1246,213.54,66.10,23.682,65.46,84.22
1247,238.63,33.90,16.024,34.00,101.26
1248,229.06,62.71,24.101,61.87,93.82
1249,249.09,100.00,40.135,97.17,108.37
1250,219.89,98.31,35.111,95.66,94.72
1251,256.18,44.07,19.046,43.47,110.28
1252,180.26,86.44,36.747,85.14,73.78
1253,318.88,100.00,48.116,97.84,127.18
1254,292.75,50.85,14.501,50.15,115.54
1255,208.15,79.66,27.213,79.20,86.74
1256,232.24,100.00,42.949,98.49,92.45
1257,231.97,100.00,38.810,97.56,98.26
1258,200.87,22.03,9.646,23.33,79.82
1259,215.11,66.10,22.173,64.94,94.08
1260,209.97,100.00,43.396,97.33,87.09
1261,266.73,77.97,39.171,76.10,103.63
1262,224.79,89.83,38.192,86.90,93.51
1263,208.78,47.46,19.802,45.67,82.17
1264,245.68,71.19,29.439,71.01,105.91
1265,188.10,49.15,19.081,47.78,82.33
1266,265.85,66.10,26.980,63.51,102.70
1267,231.87,96.61,31.855,93.82,100.57
1268,254.47,91.53,36.041,88.36,101.52
1269,224.92,96.61,38.441,92.85,86.59
1270,267.22,59.32,27.300,58.85,110.50
1271,232.03,100.00,38.409,97.01,89.75
1272,224.22,83.05,30.385,81.54,97.49
1273,235.64,94.92,38.496,93.84,94.04
1274,213.73,71.19,26.236,69.18,85.93
1275,227.13,83.05,31.911,81.37,98.21
1276,188.36,84.75,31.421,82.12,85.65
1277,248.88,100.00,37.930,98.63,98.14
1278,269.62,47.46,21.008,45.99,106.74
1279,247.97,96.61,37.603,94.32,107.59
1280,214.65,98.31,42.829,94.76,82.23
1281,251.39,94.92,37.235,92.39,98.16
1282,228.74,100.00,40.903,98.96,95.92
1283,245.29,91.53,37.133,87.95,103.76
1284,225.89,67.80,25.007,67.51,98.14
1285,266.74,100.00,42.209,96.99,113.88
1286,261.04,67.80,26.739,67.07,107.77
1287,272.76,100.00,42.452,98.95,107.69
1288,215.74,79.66,27.303,76.68,96.36
1289,283.96,57.63,24.477,57.90,120.01
1290,167.39,33.90,12.814,33.55,69.92
1291,279.32,89.83,35.606,88.95,112.16
1292,212.99,69.49,26.185,68.09,93.38
1293,260.53,93.22,36.599,90.21,111.53
1294,173.67,66.10,27.280,64.93,72.83
1295,305.56,89.83,35.624,86.24,129.34
1296,290.15,86.44,43.161,83.18,113.59
1297,286.49,96.61,36.252,94.86,118.09
1298,230.06,89.83,38.880,86.30,101.89
1299,205.23,77.97,33.120,75.72,86.86
1300,255.79,84.75,35.234,83.88,104.89
1301,186.50,94.92,35.245,92.95,71.11
1302,288.37,100.00,36.999,96.06,114.13
1303,231.45,100.00,38.779,97.14,97.18
1304,256.25,74.58,30.190,72.41,110.14
1305,254.46,94.92,33.956,92.15,110.06
1306,265.17,74.58,30.809,71.61,114.20
1307,329.80,89.83,39.686,88.55,134.42
1308,205.69,89.83,36.269,86.92,81.38
1309,201.11,88.14,39.646,84.82,89.52
1310,217.83,98.31,32.171,96.58,84.55
1311,262.38,88.14,35.300,87.19,113.75
1312,300.35,91.53,36.060,88.66,120.59
1313,261.78,79.66,29.236,78.09,112.01
1314,188.69,94.92,39.546,93.69,76.08
1315,251.32,47.46,16.798,48.38,101.99
1316,224.77,89.83,36.953,88.64,93.06
1317,274.32,83.05,39.258,81.21,117.86
1318,269.32,100.00,41.902,96.00,106.23
1319,191.88,61.02,20.683,61.35,83.77
1320,237.49,100.00,37.440,98.48,103.64
1321,249.36,74.58,28.618,72.73,98.10
1322,244.75,79.66,30.778,76.82,96.93
1323,240.07,100.00,39.753,97.70,98.50
1324,260.49,100.00,43.647,96.38,105.81
1325,293.41,74.58,29.673,72.81,123.44
1326,285.79,67.80,27.728,65.43,110.02
1327,236.48,93.22,37.874,90.77,91.59
1328,287.82,81.36,34.184,78.67,114.85
1329,255.68,84.75,32.637,81.97,100.12
1330,278.55,84.75,31.644,81.87,117.28
1331,222.90,84.75,30.426,83.87,94.26
1332,321.86,42.37,18.846,41.42,124.61
1333,264.29,98.31,39.765,96.08,114.45
1334,245.30,69.49,25.468,67.24,94.74
1335,258.23,64.41,23.188,63.61,110.84
1336,160.14,45.76,20.232,44.36,69.50
1337,225.08,84.75,38.909,81.45,95.96
1338,205.94,64.41,25.853,62.52,79.83
1339,250.80,100.00,41.582,96.61,95.40
1340,258.05,47.46,19.155,48.42,100.10
1341,247.43,94.92,37.104,92.07,107.03
1342,242.72,100.00,39.143,96.64,105.81
1343,211.50,88.14,31.197,87.11,89.46
1344,244.48,83.05,28.883,81.46,98.00
1345,226.93,86.44,33.071,85.65,101.19
1346,245.28,77.97,28.676,77.09,103.00
1347,259.18,54.24,26.873,53.06,113.35
1348,312.22,96.61,40.616,94.89,119.57
1349,247.84,79.66,30.259,76.77,95.51
1350,220.39,79.66,33.861,76.81,95.11
1351,286.41,72.88,25.579,72.80,122.01
1352,248.81,83.05,29.184,82.53,103.44
1353,214.55,84.75,29.766,83.46,95.20
1354,197.41,64.41,26.740,64.69,78.15
1355,229.37,62.71,19.571,62.13,88.05
1356,238.70,86.44,35.437,85.31,94.17
1357,237.97,96.61,41.240,94.99,101.33
1358,204.96,100.00,40.089,98.45,92.32
1359,332.71,96.61,42.452,93.12,138.56
1360,221.11,100.00,39.794,96.19,91.68
1361,258.59,66.10,26.904,63.70,99.51
1362,226.33,69.49,29.125,69.34,94.99
1363,234.13,50.85,19.677,51.65,100.98
1364,258.11,76.27,34.823,75.90,104.34
1365,260.17,100.00,34.773,98.93,107.97
1366,275.72,62.71,29.075,61.21,115.86
1367,223.01,76.27,30.531,74.27,93.12
1368,262.13,77.97,30.681,77.78,102.35
1369,251.48,100.00,36.894,97.90,109.55
1370,287.89,55.93,19.490,54.99,123.48
1371,306.93,45.76,22.554,46.01,127.45
1372,226.89,61.02,27.185,59.37,93.95
1373,294.00,96.61,42.732,94.50,114.62
1374,275.64,93.22,33.380,89.51,105.10
1375,187.23,57.63,22.909,57.15,81.22
1376,253.24,98.31,49.501,94.54,101.55
1377,245.22,77.97,31.351,75.49,104.07
1378,279.62,88.14,38.464,84.67,107.80
1379,258.93,100.00,34.865,96.87,102.87
1380,307.31,66.10,23.789,63.68,124.35
1381,229.82,84.75,29.787,84.11,100.92
1382,244.07,88.14,42.453,86.30,103.55
1383,251.39,67.80,29.894,66.49,109.64
1384,235.46,100.00,39.480,96.32,100.58
1385,237.67,52.54,19.106,52.46,94.34
1386,203.53,55.93,21.637,54.20,90.46
1387,191.02,100.00,40.147,96.17,84.40
1388,308.02,42.37,13.424,41.42,120.53
1389,222.82,89.83,37.463,89.23,89.53
1390,238.58,98.31,34.389,95.85,103.90
1391,246.34,72.88,28.640,71.44,97.80
1392,245.23,86.44,39.921,85.60,99.14
1393,268.44,88.14,35.464,86.28,113.03
1394,194.09,79.66,26.990,78.62,78.16
1395,257.99,100.00,40.658,96.70,102.32
1396,261.09,94.92,37.194,93.59,106.80
1397,226.24,89.83,42.870,89.03,97.37
1398,236.49,94.92,39.281,91.60,95.12
1399,185.16,74.58,29.195,71.59,71.87
1400,259.81,76.27,31.884,74.58,108.72
1401,283.63,81.36,32.164,78.99,109.60
1402,251.59,94.92,38.469,91.19,106.02
1403,291.30,83.05,33.600,81.61,118.84
1404,221.12,77.97,30.889,76.41,84.17
1405,216.48,96.61,48.141,92.76,93.03
1406,281.15,89.83,33.346,86.92,111.56
1407,251.77,100.00,42.052,98.12,106.04
1408,210.20,96.61,36.853,93.05,82.69
1409,223.03,47.46,17.463,46.63,97.18
1410,247.44,86.44,35.219,85.18,108.03
1411,231.98,69.49,28.237,67.71,88.70
1412,204.45,91.53,37.919,90.69,85.70
1413,180.10,40.68,17.100,39.09,79.39
1414,242.95,84.75,31.711,83.96,97.30
1415,261.29,98.31,39.819,96.34,100.79
1416,284.68,74.58,32.984,74.51,115.23
1417,246.36,100.00,40.683,98.61,106.80
1418,257.54,57.63,20.774,56.91,102.52
1419,261.89,96.61,37.779,92.88,111.34
1420,297.12,45.76,18.972,46.72,113.23
1421,211.69,61.02,21.465,59.52,81.52
1422,227.27,100.00,42.065,96.72,90.52
1423,271.26,52.54,20.364,50.59,103.44
1424,257.49,77.97,34.932,75.57,105.85
1425,328.44,74.58,35.813,72.28,128.57
1426,290.75,98.31,34.574,95.82,120.66
1427,139.56,72.88,27.980,71.46,59.72
1428,226.35,77.97,32.356,76.74,99.95
1429,220.30,88.14,33.299,84.92,96.48
1430,287.52,55.93,19.667,56.02,120.34
1431,206.98,100.00,40.409,97.20,81.63
1432,248.82,86.44,32.137,83.49,96.36
1433,264.56,79.66,33.619,76.97,113.39
1434,242.97,71.19,28.339,69.51,96.06
1435,206.67,100.00,41.825,97.43,80.21
1436,185.25,67.80,27.862,67.06,76.50
1437,177.21,35.59,12.142,35.38,82.13
1438,263.24,100.00,42.380,98.18,105.35
1439,243.07,100.00,44.628,97.59,104.27
1440,255.71,67.80,25.623,66.77,111.70
1441,224.07,47.46,18.239,47.96,94.73
1442,251.84,69.49,28.234,68.72,104.48
1443,244.29,81.36,33.559,80.88,99.25
1444,225.46,88.14,37.107,87.47,97.59
1445,217.21,66.10,23.172,64.32,90.84
1446,246.32,93.22,42.071,91.06,102.43
1447,220.85,94.92,44.226,93.92,88.62
1448,247.17,86.44,37.097,83.34,103.70
1449,214.02,94.92,31.496,91.54,85.77
1450,252.73,96.61,34.512,93.61,100.36
1451,262.97,57.63,20.631,57.37,106.18
1452,246.80,52.54,20.677,52.85,107.76
1453,206.99,62.71,25.905,62.69,78.96
1454,218.36,100.00,43.974,97.20,89.75
1455,270.05,81.36,37.561,81.03,110.09
1456,187.08,91.53,40.326,88.59,78.40
1457,256.49,93.22,38.598,91.28,99.62
1458,198.32,52.54,24.316,51.07,88.46
1459,224.25,91.53,35.677,88.65,93.75
1460,249.23,55.93,23.023,55.20,106.53
1461,204.28,62.71,21.802,60.97,90.41
1462,252.86,64.41,25.323,64.23,106.01
1463,220.36,86.44,33.592,84.28,94.73
1464,234.33,62.71,25.327,62.31,89.23
1465,248.98,98.31,45.181,97.17,103.59
1466,261.13,81.36,32.042,80.83,104.33
1467,272.79,49.15,19.894,48.08,114.07
1468,276.85,83.05,31.599,80.30,118.79
1469,236.00,94.92,39.625,93.62,89.68
1470,230.96,89.83,36.701,86.51,98.92
1471,275.60,84.75,43.188,84.07,111.59
1472,295.30,81.36,26.984,80.35,120.01
1473,196.66,55.93,22.046,54.29,86.65
1474,205.88,94.92,37.537,92.25,92.19
1475,243.10,77.97,36.779,74.93,92.69
1476,243.18,79.66,29.767,77.52,94.84
1477,205.03,96.61,38.762,95.74,89.48
1478,230.17,100.00,41.858,96.11,96.10
1479,195.24,38.98,13.007,39.03,75.40
1480,259.87,98.31,42.507,94.72,101.30
1481,263.31,69.49,29.806,67.14,112.46
1482,245.56,91.53,40.429,88.51,102.05
1483,238.29,86.44,30.443,84.19,91.27
1484,213.51,100.00,32.886,97.33,86.33
1485,212.63,59.32,24.671,57.42,89.35
1486,267.31,61.02,24.551,60.31,114.64
1487,260.32,57.63,25.314,57.20,112.41
1488,214.97,96.61,40.767,94.09,84.08
1489,230.54,94.92,31.171,92.93,89.43
1490,230.48,62.71,30.417,60.84,96.17
1491,188.03,100.00,36.058,96.89,81.29
1492,195.50,71.19,28.944,69.05,75.09
1493,259.17,76.27,30.716,75.53,98.90
1494,235.58,57.63,21.806,56.49,91.10
1495,158.53,61.02,22.365,60.26,68.07
1496,276.19,96.61,40.332,94.61,111.91
1497,193.75,64.41,28.327,62.88,80.28
1498,187.83,62.71,26.904,63.18,84.09
1499,280.16,86.44,34.085,83.87,120.97
1500,229.18,88.14,38.040,85.43,93.01
1501,200.53,98.31,41.100,94.73,76.23
1502,213.93,89.83,36.032,88.34,87.07
1503,220.86,81.36,29.263,79.92,88.34
1504,210.33,96.61,35.027,94.22,89.56
1505,258.24,69.49,28.086,69.43,98.44
1506,258.71,91.53,37.871,88.42,106.62
1507,209.92,89.83,32.552,88.06,86.73
1508,214.31,47.46,17.896,45.57,81.80
1509,212.73,83.05,36.933,80.61,95.27
1510,234.26,96.61,32.375,95.61,100.33
1511,232.73,96.61,34.439,92.82,91.89
1512,251.28,96.61,38.257,94.37,98.60
1513,194.95,72.88,30.550,72.56,78.70
1514,217.36,88.14,38.543,86.48,86.37
1515,264.98,66.10,25.577,65.11,113.52
1516,260.67,61.02,22.046,58.80,113.76
1517,283.67,72.88,23.275,72.81,111.55
1518,260.98,88.14,30.497,86.67,105.86
1519,224.31,100.00,42.272,96.22,99.44
1520,319.88,62.71,18.221,63.03,122.60
1521,242.66,88.14,38.096,85.07,105.30
1522,337.05,52.54,22.628,50.73,132.94
1523,238.88,91.53,35.233,88.31,93.82
1524,258.54,93.22,37.991,90.36,110.99
1525,245.54,96.61,37.419,93.36,104.09
1526,191.36,100.00,35.550,96.73,81.33
1527,249.25,79.66,37.641,77.49,96.20
1528,219.48,88.14,37.372,86.18,91.48
1529,228.26,57.63,23.660,57.63,100.46
1530,270.26,96.61,37.030,93.11,103.88
1531,198.89,88.14,34.727,85.58,87.56
1532,302.79,74.58,25.301,73.73,126.11
1533,219.66,49.15,18.958,48.27,87.29
1534,274.55,93.22,39.370,91.76,115.82
1535,234.61,89.83,35.122,88.91,101.56
1536,271.72,100.00,39.976,96.45,109.15
1537,257.10,100.00,35.247,97.54,111.36
1538,179.74,54.24,17.154,52.80,68.85
1539,263.10,64.41,24.475,62.37,104.42
1540,313.52,69.49,29.145,68.08,127.55
1541,305.52,91.53,34.860,90.14,126.21
1542,204.22,79.66,31.242,79.18,81.18
1543,209.49,88.14,36.236,87.09,90.11
1544,316.90,96.61,33.445,92.81,128.29
1545,311.83,86.44,31.645,83.47,131.86
1546,209.70,84.75,35.604,82.58,93.44
1547,259.95,83.05,31.894,82.40,107.70
1548,227.40,40.68,16.560,40.85,88.86
1549,254.25,88.14,29.115,85.81,104.13
1550,236.94,96.61,37.469,95.64,102.19
1551,216.28,94.92,31.814,93.05,92.15
1552,239.39,71.19,23.876,69.45,100.50
1553,222.49,100.00,39.682,97.95,97.16
1554,250.16,74.58,32.759,74.04,107.21
1555,267.63,66.10,27.709,65.53,116.44
1556,250.87,81.36,31.587,80.48,106.33
1557,223.79,100.00,49.613,98.38,86.86
1558,241.05,100.00,39.748,98.00,97.05
1559,233.09,96.61,36.834,95.58,96.07
1560,286.37,93.22,40.493,89.69,116.53
1561,235.82,96.61,38.938,94.80,100.67
1562,214.50,77.97,32.690,77.41,82.13
1563,188.27,93.22,37.185,90.83,71.94
1564,288.64,77.97,34.311,74.87,110.38
1565,259.95,49.15,20.424,48.68,111.11
1566,210.81,88.14,32.864,85.50,83.69
1567,275.19,98.31,36.370,94.45,108.71
1568,225.64,45.76,17.665,45.88,91.30
1569,209.37,74.58,29.464,72.72,90.17
1570,237.55,81.36,30.348,79.77,93.76
1571,205.72,100.00,38.609,97.02,88.97
1572,262.25,94.92,42.083,93.95,100.06
1573,198.17,91.53,34.998,90.63,78.29
1574,257.66,96.61,37.991,94.56,99.08
1575,330.22,77.97,25.199,77.16,130.23
1576,251.99,98.31,41.590,95.14,106.86
1577,262.71,20.34,8.282,20.39,112.16
1578,249.79,77.97,29.726,75.04,95.62
1579,218.13,79.66,31.008,76.93,88.66
1580,274.72,100.00,40.732,97.86,106.17
1581,248.69,59.32,28.001,59.39,101.34
1582,263.16,37.29,16.846,35.83,109.07
1583,234.89,69.49,26.281,68.00,91.67
1584,265.38,100.00,37.459,98.86,107.64
1585,214.04,62.71,24.127,61.79,81.52
1586,253.22,62.71,23.289,62.23,98.14
1587,325.17,40.68,14.164,40.93,135.96
1588,237.18,89.83,32.036,88.03,104.78
1589,279.85,61.02,24.851,61.56,107.41
1590,196.68,89.83,39.436,87.95,87.43
1591,242.79,93.22,34.469,91.68,92.82
1592,266.94,96.61,40.926,92.76,104.01
1593,233.93,55.93,25.453,54.43,98.24
1594,253.89,96.61,37.921,95.42,107.47
1595,199.34,83.05,36.069,81.06,79.40
1596,250.31,86.44,35.839,84.09,109.76
1597,215.65,45.76,16.682,46.37,87.21
1598,228.49,59.32,21.842,57.67,91.34
1599,277.44,55.93,20.587,56.16,110.43
1600,294.44,44.07,15.084,43.87,126.77
1601,224.99,94.92,39.636,91.52,86.76
1602,303.90,96.61,41.189,92.76,123.80
1603,237.99,67.80,27.578,65.98,96.25
1604,220.98,98.31,36.971,95.66,84.46
1605,235.35,77.97,27.336,77.26,94.81
1606,216.27,100.00,36.425,98.79,90.28
1607,190.52,74.58,29.910,73.39,81.04
1608,252.55,45.76,20.598,44.08,105.20
1609,180.19,98.31,37.373,95.63,71.82
1610,251.45,76.27,28.896,75.44,99.09
1611,236.38,64.41,22.382,63.51,97.10
1612,305.69,69.49,30.381,68.14,119.84
1613,244.97,72.88,24.073,70.25,103.91
1614,229.89,93.22,40.614,91.98,98.70
1615,301.38,62.71,23.344,62.73,120.69
1616,199.03,98.31,43.210,95.96,84.36
1617,275.43,49.15,18.180,49.54,115.09
1618,279.29,100.00,37.933,97.19,107.23
1619,238.22,64.41,29.933,61.96,96.56
1620,260.51,100.00,41.062,96.87,111.73
1621,242.37,100.00,45.311,96.07,104.41
1622,249.55,64.41,23.677,63.42,106.15
1623,212.36,76.27,40.543,75.40,82.02
1624,287.79,44.07,16.316,42.92,110.44
1625,222.72,71.19,28.441,70.71,85.39
1626,196.19,57.63,25.890,55.56,80.79
1627,262.51,52.54,22.057,51.52,108.38
1628,168.41,38.98,15.985,39.74,78.90
1629,226.15,79.66,33.133,77.90,98.74
1630,250.70,79.66,35.134,77.75,108.46
1631,255.02,83.05,30.632,80.24,111.18
1632,262.14,74.58,35.344,74.37,111.26
1633,239.51,69.49,27.644,67.53,104.93
1634,264.36,81.36,30.389,79.28,104.23
1635,262.34,100.00,41.856,97.19,102.43
1636,234.70,93.22,40.031,91.40,101.57
1637,263.07,71.19,27.662,69.66,104.22
1638,285.87,86.44,34.774,85.71,114.45
1639,285.98,94.92,38.842,92.69,115.12
1640,237.59,94.92,32.579,92.18,95.27
1641,293.82,72.88,27.828,70.56,124.76
1642,236.36,96.61,34.878,93.47,97.13
1643,252.76,94.92,37.431,92.20,97.30
1644,195.19,79.66,34.306,77.28,80.16
1645,336.85,64.41,29.231,62.75,130.41
1646,197.46,76.27,26.609,75.73,86.45
1647,260.11,93.22,32.292,89.88,99.41
1648,233.70,93.22,32.985,91.25,101.13
1649,216.93,67.80,25.847,66.59,86.88
1650,279.24,98.31,37.212,94.73,112.44
1651,249.26,100.00,38.259,98.80,94.74
1652,276.88,81.36,27.805,78.80,118.65
1653,266.02,81.36,30.994,79.23,113.45
1654,258.40,93.22,36.650,91.86,105.05
1655,205.58,44.07,18.760,42.90,91.20
1656,232.57,44.07,15.871,44.40,100.95
1657,235.50,100.00,40.052,97.17,90.16
1658,195.95,83.05,29.183,81.07,88.03
1659,306.45,61.02,22.062,58.67,123.40
1660,243.63,67.80,29.437,67.97,102.53
1661,213.33,88.14,33.746,84.83,88.38
1662,243.05,81.36,26.947,79.95,101.53
1663,272.37,69.49,26.603,68.38,105.28
1664,189.20,42.37,18.267,42.71,81.29
1665,196.28,96.61,35.724,94.60,76.31
1666,239.50,100.00,45.793,97.37,101.40
1667,205.05,100.00,35.571,97.98,92.85
1668,235.09,66.10,17.846,63.70,97.88
1669,202.70,81.36,29.626,79.35,79.97
1670,257.25,49.15,19.930,49.50,100.28
1671,207.53,91.53,36.894,90.08,79.77
1672,276.76,91.53,36.005,88.70,116.82
1673,308.72,81.36,31.681,78.87,132.19
1674,236.59,98.31,36.230,94.64,97.32
1675,220.07,98.31,39.508,95.43,84.70
1676,271.81,67.80,25.426,67.80,105.93
1677,292.28,42.37,18.056,41.27,121.11
1678,300.47,83.05,37.108,82.47,128.64
1679,276.91,79.66,27.788,79.20,106.60
1680,270.01,59.32,22.305,57.81,117.55
1681,307.03,74.58,34.652,72.79,118.35
1682,223.34,94.92,35.918,92.45,87.96
1683,276.57,100.00,36.755,98.17,109.79
1684,180.91,100.00,34.415,97.81,72.07
1685,276.24,89.83,40.075,87.32,112.72
1686,234.49,100.00,37.857,96.96,92.75
1687,324.20,94.92,40.100,91.58,126.66
1688,263.13,38.98,13.685,39.52,106.57
1689,235.17,71.19,26.077,69.45,103.79
1690,237.33,77.97,29.072,75.62,102.80
1691,213.32,93.22,38.888,91.32,87.76
1692,264.24,100.00,37.871,97.52,114.37
1693,188.07,67.80,26.188,65.51,76.51
1694,236.24,96.61,38.991,94.44,91.57
1695,273.10,98.31,41.874,96.22,113.43
1696,253.43,100.00,47.061,96.88,97.91
1697,277.90,100.00,44.759,98.69,110.12
1698,232.26,74.58,28.612,74.36,97.96
1699,287.48,88.14,39.178,85.54,116.93
1700,210.14,91.53,34.650,88.15,89.31
1701,224.66,89.83,31.357,87.46,88.24
1702,266.16,54.24,21.037,55.01,108.41
1703,172.71,100.00,35.560,98.88,75.62
1704,252.91,89.83,40.085,86.66,108.38
1705,250.72,83.05,33.559,81.96,95.50
1706,291.40,55.93,24.244,55.29,124.53
1707,237.54,77.97,28.866,76.14,102.70
1708,281.19,94.92,36.469,91.47,109.70
1709,194.71,66.10,26.604,65.62,88.47
1710,207.81,83.05,33.234,81.02,91.61
1711,180.48,79.66,29.681,78.59,81.09
1712,214.89,66.10,28.528,64.96,85.19
1713,264.65,89.83,41.666,87.24,102.05
1714,233.33,66.10,24.941,64.85,88.69
1715,313.27,67.80,24.302,67.54,122.22
1716,200.89,69.49,27.549,67.93,87.90
1717,237.83,66.10,21.537,65.36,91.83
1718,195.37,93.22,37.019,92.00,83.29
1719,245.75,83.05,31.274,82.43,99.58
1720,262.21,57.63,21.231,57.20,106.64
1721,283.25,93.22,29.910,92.02,111.64
1722,244.56,76.27,30.448,73.25,107.63
1723,218.74,79.66,31.804,76.77,97.24
1724,210.54,100.00,33.191,98.46,86.00
1725,267.43,96.61,30.896,94.83,104.50
1726,272.82,91.53,43.690,87.89,108.24
1727,269.21,64.41,26.362,63.76,116.33
1728,184.16,67.80,24.222,65.11,80.95
1729,231.70,81.36,35.035,78.84,98.45
1730,248.07,47.46,16.532,47.10,102.76
1731,257.64,42.37,18.570,41.58,112.76
1732,223.98,100.00,43.614,98.62,97.89
1733,228.80,88.14,32.258,86.67,87.16
1734,244.33,88.14,31.033,85.37,97.10
1735,244.14,94.92,33.528,93.97,96.38
1736,238.88,94.92,38.277,92.60,99.66
1737,242.59,96.61,37.267,95.34,97.91
1738,290.35,62.71,21.363,61.95,120.52
1739,202.95,44.07,17.385,42.59,77.20
1740,224.31,74.58,29.919,73.10,90.57
1741,229.25,62.71,27.486,61.95,92.53
1742,272.76,96.61,41.024,93.55,107.92
1743,237.00,45.76,21.808,45.34,97.82
1744,261.61,100.00,40.204,98.52,103.20
1745,228.31,67.80,27.674,67.68,96.69
1746,306.60,27.12,10.707,28.43,119.61
1747,254.34,74.58,26.767,71.94,104.67
1748,246.47,100.00,38.136,97.55,102.79
1749,220.38,93.22,40.700,91.69,88.34
1750,244.58,100.00,37.861,98.48,100.60
1751,209.21,81.36,31.983,79.75,92.31
1752,249.92,33.90,14.109,33.03,101.26
1753,183.60,79.66,33.031,77.20,74.52
1754,190.16,94.92,41.030,92.57,79.28
1755,192.33,100.00,35.534,98.68,73.42
1756,250.76,54.24,23.839,52.62,104.54
1757,238.97,86.44,38.116,85.26,95.85
1758,267.97,83.05,32.700,81.95,111.05
1759,242.51,100.00,36.704,96.42,103.94
1760,199.77,88.14,38.298,87.05,79.47
1761,236.19,96.61,40.378,95.05,102.34
1762,254.67,77.97,35.597,77.83,109.74
1763,228.97,86.44,39.435,85.57,87.64
1764,232.61,93.22,36.002,90.94,101.01
1765,290.89,49.15,15.902,49.22,123.28
1766,248.57,96.61,39.018,94.57,96.50
1767,295.41,72.88,27.010,70.17,117.58
1768,291.72,37.29,10.676,36.22,122.59
1769,220.15,67.80,26.323,66.33,88.37
1770,248.23,84.75,38.098,81.52,97.65
1771,235.97,100.00,42.342,96.02,94.12
1772,245.84,50.85,18.275,50.46,95.98
1773,248.27,89.83,34.742,88.53,102.61
1774,249.60,100.00,38.881,98.60,107.95
1775,249.43,93.22,39.337,89.89,97.29
1776,197.07,54.24,19.882,54.12,84.35
1777,236.10,100.00,36.068,98.28,96.23
1778,213.79,79.66,35.534,78.34,86.05
1779,216.83,77.97,36.092,76.49,95.38
1780,254.80,67.80,27.758,67.24,99.88
1781,229.35,98.31,37.715,96.18,90.35
1782,281.21,98.31,38.382,96.13,117.40
1783,234.04,100.00,39.232,97.70,103.27
1784,210.92,100.00,39.268,96.79,94.92
1785,193.15,59.32,27.305,59.49,75.54
1786,208.40,88.14,35.612,86.96,81.08
1787,194.57,77.97,30.648,75.72,77.05
1788,274.35,50.85,18.990,51.19,109.50
1789,297.95,69.49,30.043,69.40,118.03
1790,249.45,100.00,40.798,97.80,99.81
1791,231.61,83.05,36.391,80.72,90.24
1792,224.70,76.27,32.667,74.70,98.43
1793,246.82,89.83,36.123,86.33,99.82
1794,192.66,94.92,36.658,91.73,76.21
1795,210.14,93.22,38.928,89.53,86.10
1796,228.55,72.88,28.532,72.73,90.56
1797,274.24,89.83,37.836,87.68,105.62
1798,219.79,40.68,14.789,40.20,91.24
1799,250.00,71.19,24.247,70.64,109.08
1800,246.16,66.10,26.422,64.04,107.01
1801,241.14,71.19,29.953,69.23,100.56
1802,237.22,71.19,28.996,70.10,102.29
1803,237.86,84.75,33.183,82.84,93.90
1804,235.86,100.00,37.218,97.99,104.56
1805,220.54,61.02,21.962,58.71,89.67
1806,240.50,98.31,38.840,95.09,93.85
1807,186.72,86.44,31.407,83.30,76.38
1808,289.51,81.36,34.462,78.76,111.52
1809,221.55,61.02,25.199,60.18,85.04
1810,214.07,96.61,39.955,94.80,84.81
1811,245.91,100.00,43.599,97.82,98.13
1812,238.18,69.49,23.392,68.86,101.12
1813,195.41,86.44,38.296,83.35,89.12
1814,187.70,74.58,30.667,72.35,85.73
1815,210.33,89.83,34.233,87.13,92.98
1816,301.21,42.37,14.901,41.24,119.22
1817,255.75,71.19,29.680,69.31,100.61
1818,198.13,55.93,23.679,54.72,86.24
1819,266.43,98.31,37.338,94.51,104.74
1820,254.05,81.36,28.266,80.45,109.63
1821,224.05,100.00,42.835,98.26,96.39
1822,249.92,91.53,35.615,89.47,107.93
1823,289.87,66.10,26.755,65.58,123.98
1824,225.93,100.00,39.563,97.92,95.82
1825,314.36,61.02,25.401,60.48,133.64
1826,230.43,100.00,34.485,96.22,98.90
1827,259.37,96.61,32.489,93.06,110.23
1828,223.80,96.61,36.213,93.09,85.72
1829,241.69,81.36,30.266,79.28,93.97
1830,272.04,100.00,36.010,96.82,104.58
1831,197.67,88.14,34.742,85.10,76.04
1832,329.26,98.31,35.868,94.62,133.52
1833,268.54,79.66,34.075,76.67,107.38
1834,244.24,100.00,38.737,98.02,104.87
1835,210.68,72.88,27.040,70.29,94.44
1836,242.14,94.92,36.516,91.76,97.06
1837,222.29,89.83,41.012,87.90,94.64
1838,230.91,79.66,29.001,76.54,102.30
1839,281.88,55.93,20.934,56.22,107.33
1840,200.46,74.58,28.147,72.98,88.49
1841,238.43,69.49,28.080,69.69,105.02
1842,174.29,50.85,21.046,49.90,73.55
1843,235.94,52.54,22.041,53.09,94.05
1844,204.01,79.66,32.148,77.02,81.07
1845,258.36,100.00,40.296,97.95,108.69
1846,225.83,86.44,33.960,85.49,91.70
1847,301.09,76.27,32.894,74.71,118.62
1848,250.64,76.27,31.355,74.86,100.09
1849,232.95,62.71,23.944,60.94,92.92
1850,268.44,89.83,29.448,89.17,106.41
1851,219.62,59.32,21.390,59.59,96.06
1852,201.44,98.31,40.075,95.15,80.20
1853,238.28,72.88,31.794,71.66,91.45
1854,227.87,100.00,39.649,97.87,101.57
1855,252.95,74.58,25.989,73.26,107.09
1856,211.91,100.00,43.027,98.10,91.44
1857,258.41,100.00,44.460,98.14,108.91
1858,191.70,38.98,16.648,39.45,80.69
1859,276.35,96.61,35.492,93.79,112.37
1860,272.05,93.22,42.220,92.45,115.57
1861,231.88,72.88,29.523,71.34,90.64
1862,241.96,100.00,34.403,97.06,106.34
1863,264.57,76.27,33.657,74.84,111.24
1864,254.04,74.58,27.762,73.37,108.23
1865,245.06,57.63,20.019,56.67,105.88
1866,270.12,94.92,39.176,93.24,116.73
1867,246.82,100.00,35.938,96.41,93.87
1868,241.37,100.00,33.230,97.64,93.56
1869,240.68,40.68,12.446,39.91,105.47
1870,229.40,100.00,42.355,97.47,96.79
1871,253.81,52.54,14.903,51.47,98.79
1872,232.18,74.58,26.364,72.49,98.20
1873,195.22,89.83,32.279,88.45,76.43
1874,270.29,100.00,38.109,98.04,111.60
1875,272.48,71.19,25.718,70.12,108.22
1876,262.56,64.41,26.336,64.17,102.06
1877,209.74,61.02,30.077,60.20,80.81
1878,226.33,49.15,20.002,47.91,96.72
1879,181.24,44.07,16.467,44.90,71.56
1880,157.09,15.25,4.943,15.59,73.76
1881,226.47,84.75,34.145,83.25,87.16
1882,287.60,72.88,26.378,72.68,114.45
1883,258.68,100.00,38.786,96.10,106.62
1884,245.09,93.22,39.977,90.47,101.92
1885,254.62,77.97,28.851,76.99,101.30
1886,266.10,89.83,39.823,86.52,104.30
1887,308.92,74.58,30.384,73.06,127.99
1888,233.42,100.00,36.072,96.01,96.44
1889,261.08,100.00,36.796,97.44,105.43
1890,248.77,84.75,33.578,82.08,103.22
1891,245.03,100.00,39.111,97.03,99.08
1892,243.65,64.41,31.208,63.18,92.86
1893,218.81,100.00,41.915,98.95,96.73
1894,213.11,81.36,32.050,78.47,81.39
1895,250.65,71.19,30.671,71.00,104.06
1896,221.64,89.83,37.009,88.95,87.81
1897,223.25,91.53,32.571,90.54,88.46
1898,293.29,71.19,28.233,71.32,120.59
1899,209.25,81.36,37.206,78.54,80.79
1900,242.67,33.90,9.602,32.65,107.12
1901,256.85,77.97,29.356,76.76,100.38
1902,289.33,86.44,36.245,84.75,115.12
1903,253.57,100.00,37.762,98.11,107.07
1904,301.31,81.36,31.239,79.61,121.92
1905,240.98,72.88,26.573,72.13,106.24
1906,241.57,88.14,33.223,85.62,95.87
1907,250.02,98.31,40.300,94.69,106.20
1908,179.87,76.27,35.965,73.82,73.56
1909,235.64,64.41,24.007,63.89,93.90
1910,157.39,57.63,27.541,56.27,67.75
1911,203.19,38.98,15.087,39.13,87.01
1912,247.29,71.19,26.680,70.98,100.15
1913,253.54,54.24,25.391,53.51,97.91
1914,276.03,71.19,28.329,70.70,108.09
1915,221.13,77.97,29.815,77.19,91.02
1916,244.95,81.36,34.071,78.46,98.66
1917,203.54,42.37,11.993,41.41,91.21
1918,218.33,66.10,27.092,64.58,97.04
1919,232.81,44.07,18.000,45.20,92.48
1920,209.95,67.80,27.504,67.44,81.58
1921,236.53,83.05,30.380,82.00,104.82
1922,213.59,94.92,34.175,91.72,86.76
1923,217.60,66.10,26.556,65.30,91.75
1924,252.67,45.76,16.634,45.37,100.43
1925,266.67,76.27,30.469,73.45,107.75
1926,270.38,81.36,32.565,79.69,105.54
1927,239.62,91.53,42.689,89.17,103.93
1928,271.28,49.15,17.573,49.02,111.70
1929,231.25,100.00,35.752,96.23,93.59
1930,254.27,45.76,16.492,46.32,98.86
1931,245.43,100.00,40.976,97.51,106.22
1932,270.88,94.92,43.391,91.40,111.56
1933,230.56,96.61,35.009,95.54,98.77
1934,255.59,100.00,37.583,98.93,102.39
1935,273.59,98.31,39.948,96.30,108.39
1936,251.51,64.41,28.741,64.18,102.28
1937,208.96,59.32,18.618,59.27,93.42
1938,220.31,100.00,39.295,98.22,95.16
1939,205.62,79.66,32.641,77.92,87.47
1940,237.02,91.53,36.503,88.43,97.85
1941,307.74,100.00,43.447,96.14,128.40
1942,222.92,100.00,37.024,98.59,93.91
1943,228.23,89.83,31.346,88.59,96.67
1944,261.99,49.15,22.312,47.36,108.37
1945,208.55,40.68,16.475,39.93,86.73
1946,200.73,72.88,28.163,72.20,80.90
1947,275.18,100.00,41.418,98.89,104.76
1948,201.80,88.14,37.241,87.15,87.23
1949,192.76,66.10,24.675,64.65,81.49
1950,240.95,96.61,43.193,93.08,104.31
1951,188.73,57.63,26.413,57.86,85.27
1952,267.95,89.83,35.695,86.93,109.97
1953,228.55,22.03,10.702,22.67,93.34
1954,251.03,88.14,38.173,85.21,95.42
1955,224.85,83.05,31.448,80.14,89.26
1956,210.30,100.00,36.882,96.31,90.80
1957,188.19,77.97,33.172,75.36,85.47
1958,199.91,88.14,36.604,87.61,85.76
1959,181.75,45.76,20.866,44.50,83.57
1960,207.66,100.00,45.424,98.29,88.75
1961,236.06,96.61,45.611,94.11,98.55
1962,301.31,91.53,33.874,88.95,116.19
1963,216.86,76.27,30.703,75.97,93.58
1964,199.57,81.36,30.769,78.75,87.30
1965,231.27,93.22,37.135,92.37,102.73
1966,186.18,100.00,37.904,96.15,75.34
1967,206.96,49.15,21.620,47.29,93.11
1968,294.57,93.22,40.094,91.90,115.16
1969,226.74,77.97,28.268,75.20,92.53
1970,272.47,88.14,35.150,84.76,104.96
1971,304.32,84.75,33.200,84.35,121.67
1972,239.69,100.00,41.785,97.73,97.91
1973,224.42,77.97,32.326,75.35,99.07
1974,222.62,66.10,26.396,65.53,87.47
1975,238.30,61.02,25.923,59.25,102.92
1976,278.38,98.31,41.719,94.76,108.53
1977,200.96,81.36,35.358,79.92,87.33
1978,277.77,100.00,43.198,97.21,111.56
1979,254.93,57.63,19.577,56.92,108.27
1980,260.01,30.51,11.574,31.69,107.67
1981,242.10,77.97,30.287,75.29,103.38
1982,328.38,59.32,22.939,57.56,126.90
1983,265.34,77.97,25.903,77.53,115.13
1984,249.86,100.00,44.930,97.47,109.74
1985,238.52,100.00,42.512,97.07,98.21
1986,268.33,79.66,33.881,76.95,109.39
1987,254.72,100.00,39.740,98.64,101.57
1988,274.20,98.31,38.830,95.77,106.08
1989,213.78,79.66,28.469,78.19,88.95
1990,241.76,100.00,37.382,97.40,95.37
1991,232.50,79.66,33.594,77.83,94.37
1992,235.27,98.31,45.116,97.04,102.46
1993,299.42,61.02,22.245,60.93,120.38
1994,223.70,66.10,23.033,66.31,93.36
1995,252.93,88.14,32.332,87.47,105.87
1996,241.06,91.53,36.884,87.91,91.70
1997,197.53,91.53,38.756,89.40,77.34
1998,274.53,52.54,23.752,53.36,112.16
1999,216.89,100.00,41.892,97.29,82.89
2000,233.90,71.19,25.732,69.00,93.76
2001,211.27,96.61,45.342,95.52,88.51
2002,232.72,83.05,31.210,80.29,93.96
2003,227.20,88.14,31.877,86.66,97.70
2004,268.02,84.75,36.470,82.32,106.61
2005,263.63,76.27,25.694,75.41,114.80
2006,276.20,62.71,25.943,62.07,108.27
2007,281.86,55.93,20.029,55.68,109.97
2008,211.95,100.00,42.162,98.63,81.64
2009,188.95,96.61,38.627,94.34,78.04
2010,214.61,88.14,31.503,87.38,95.08
2011,230.67,57.63,25.997,55.53,90.37
2012,232.08,100.00,41.986,97.22,91.76
2013,252.21,72.88,28.160,72.14,108.94
2014,186.07,69.49,20.781,69.22,82.87
2015,248.46,100.00,37.386,97.01,100.23
2016,228.01,67.80,34.555,67.27,88.50
2017,220.58,71.19,25.903,68.77,92.50
2018,269.94,100.00,40.022,96.81,104.02
2019,261.69,69.49,26.876,67.66,105.00
2020,282.62,61.02,28.744,61.08,112.19
2021,223.99,52.54,17.456,53.35,99.55
2022,205.30,47.46,16.119,46.81,87.11
2023,270.27,93.22,38.875,90.56,109.81
2024,227.58,69.49,30.267,66.79,92.48
2025,262.47,71.19,30.338,70.31,107.77
2026,230.21,100.00,37.238,98.61,92.30
2027,274.67,79.66,28.807,78.24,116.43
2028,220.65,77.97,34.340,75.55,92.58
2029,253.41,100.00,47.080,98.68,97.64
2030,181.27,93.22,40.733,91.61,72.70
2031,240.45,89.83,31.349,88.04,103.74
2032,240.09,88.14,34.375,86.72,97.59
2033,192.78,94.92,38.023,93.60,86.52
2034,242.73,98.31,35.472,97.03,92.82
2035,223.03,91.53,38.315,90.42,90.13
2036,178.67,37.29,13.836,37.35,81.65
2037,303.36,98.31,42.081,94.60,126.16
2038,314.80,49.15,21.918,48.84,129.73
2039,285.14,100.00,47.222,97.43,108.82
2040,207.59,100.00,34.489,97.84,87.43
2041,198.58,88.14,34.801,85.42,76.85
2042,252.77,94.92,35.977,91.16,98.32
2043,206.07,93.22,35.622,90.45,84.93
2044,219.24,91.53,36.558,88.62,88.11
2045,238.90,100.00,40.894,96.46,101.81
2046,243.38,33.90,12.774,34.08,106.57
2047,238.72,88.14,33.473,85.72,99.59
2048,215.37,100.00,35.884,96.43,87.72
2049,272.54,93.22,39.219,90.79,109.40
2050,228.40,100.00,36.723,96.16,94.92
2051,216.74,93.22,33.894,92.41,87.91
2052,235.63,91.53,40.476,89.82,95.96
2053,195.96,94.92,40.429,94.06,82.35
2054,258.99,83.05,38.507,82.42,107.53
2055,242.89,64.41,27.062,63.04,93.90
2056,280.48,71.19,30.914,70.64,114.19
2057,225.72,89.83,33.270,86.33,90.19
2058,263.23,89.83,39.634,87.76,104.69
2059,221.78,100.00,41.660,98.17,91.88
2060,276.41,71.19,33.700,70.73,118.27
2061,223.01,71.19,26.139,69.77,85.81
2062,169.38,88.14,35.041,84.76,79.08
2063,236.09,83.05,31.410,79.92,96.89
2064,269.49,100.00,37.913,98.96,110.69
2065,242.70,86.44,35.500,84.35,96.26
2066,217.67,69.49,27.800,68.84,85.65
2067,231.69,93.22,43.497,91.38,97.81
2068,243.37,64.41,23.869,63.20,107.48
2069,211.20,91.53,42.180,90.05,85.09
2070,207.98,44.07,15.391,43.66,91.28
2071,193.75,30.51,13.714,29.81,82.87
2072,256.14,100.00,42.173,96.63,107.88
2073,236.72,84.75,33.137,83.36,90.00
2074,211.77,100.00,43.668,98.98,90.81
2075,241.05,86.44,34.725,85.15,94.28
2076,250.02,45.76,18.305,44.23,99.00
2077,278.61,72.88,33.410,72.30,113.18
2078,227.48,79.66,33.079,76.71,101.06
2079,195.81,84.75,33.004,83.50,76.58
2080,206.32,84.75,32.573,84.35,82.33
2081,267.62,79.66,31.613,76.64,114.01
2082,295.20,88.14,32.951,85.76,117.34
2083,260.92,100.00,36.313,98.88,105.81
2084,246.89,100.00,36.306,97.66,95.97
2085,247.16,93.22,38.903,91.52,104.43
2086,249.48,72.88,27.547,71.67,102.38
2087,209.66,64.41,23.616,64.78,88.86
2088,291.54,49.15,16.271,47.99,122.96
2089,203.78,100.00,39.287,98.28,88.37
2090,252.04,77.97,31.866,75.92,107.40
2091,236.22,91.53,36.195,90.04,103.66
2092,217.81,98.31,40.035,96.87,93.20
2093,221.59,100.00,41.351,96.66,92.61
2094,238.46,98.31,39.371,96.36,100.92
2095,169.03,55.93,21.271,55.53,74.92
2096,198.93,72.88,25.728,72.60,82.13
2097,288.32,93.22,36.422,92.41,118.27
2098,221.81,76.27,27.628,73.50,96.95
2099,263.10,64.41,25.108,63.26,109.55
2100,192.50,79.66,24.059,78.36,81.05
2101,234.86,94.92,39.213,93.95,90.05
2102,237.08,79.66,27.243,77.74,97.48
2103,328.30,72.88,27.202,72.72,139.69
2104,238.04,77.97,32.969,75.22,98.03
2105,250.76,72.88,26.565,72.15,108.42
2106,258.22,94.92,35.140,93.49,106.29
2107,169.14,72.88,30.059,72.81,68.51
2108,219.23,22.03,8.544,23.99,91.42
2109,258.91,74.58,32.561,74.01,103.73
2110,253.18,100.00,38.760,98.29,96.33
2111,282.35,100.00,36.050,96.38,116.30
2112,204.62,86.44,45.941,84.95,85.68
2113,292.55,84.75,28.821,83.27,121.51
2114,201.21,79.66,33.162,78.01,77.54
2115,226.20,71.19,24.475,69.79,95.97
2116,273.33,98.31,37.965,95.57,104.07
2117,267.45,100.00,39.248,96.36,101.82
2118,230.35,98.31,37.559,96.56,91.83
2119,268.13,93.22,34.206,92.26,109.01
2120,237.75,69.49,22.058,67.63,98.97
2121,225.00,50.85,18.147,49.19,88.93
2122,201.78,76.27,29.295,73.38,85.54
2123,208.10,81.36,31.351,80.95,92.14
2124,246.28,83.05,33.941,81.84,100.83
2125,211.39,38.98,17.605,38.02,95.20
2126,239.64,84.75,34.056,81.63,93.23
2127,231.15,81.36,32.039,80.65,97.01
2128,259.24,88.14,42.069,85.53,109.88
2129,216.15,66.10,32.032,65.25,89.88
2130,209.72,100.00,39.549,97.10,82.49
2131,235.11,62.71,24.900,62.43,99.27
2132,246.37,100.00,45.814,98.33,107.94
2133,196.63,94.92,43.151,91.78,76.63
2134,304.84,98.31,40.601,96.51,121.88
2135,205.01,84.75,34.021,81.55,89.61
2136,206.19,89.83,32.825,87.57,82.65
2137,251.95,84.75,35.716,81.78,106.31
2138,201.24,54.24,18.131,52.08,84.17
2139,260.41,64.41,30.662,63.11,109.10
2140,259.15,69.49,29.093,66.80,112.37
2141,273.60,88.14,36.347,87.05,110.47
2142,266.33,84.75,32.730,81.95,102.16
2143,251.62,44.07,19.283,45.12,99.66
2144,233.30,89.83,36.232,88.09,97.44
2145,255.80,55.93,20.353,54.09,105.03
2146,209.72,88.14,33.260,84.92,89.19
2147,236.64,76.27,29.271,74.44,102.59
2148,234.43,96.61,39.434,93.70,99.96
2149,252.31,100.00,37.413,98.66,107.84
2150,207.48,100.00,44.980,97.01,92.89
2151,235.52,91.53,37.773,90.85,91.41
2152,238.75,93.22,30.431,90.34,105.43
2153,176.03,66.10,31.504,64.57,71.98
2154,269.82,44.07,18.893,43.50,110.70
2155,254.98,84.75,38.354,82.17,105.50
2156,278.05,96.61,40.826,92.87,115.64
2157,238.98,100.00,39.690,96.42,99.17
2158,249.15,88.14,40.317,87.07,97.59
2159,262.52,100.00,44.760,98.17,105.88
2160,197.69,89.83,35.848,87.25,81.79
2161,272.79,91.53,38.075,88.32,109.33
2162,301.54,100.00,42.729,98.36,128.16
2163,265.35,100.00,44.490,96.54,103.60
2164,256.68,86.44,35.325,85.72,105.31
2165,229.44,86.44,40.972,85.51,93.96
2166,248.61,66.10,30.011,65.73,100.24
2167,272.07,94.92,36.177,93.22,117.26
2168,155.75,54.24,22.240,54.80,73.04
2169,271.82,79.66,30.846,78.97,111.29
2170,266.06,93.22,30.828,92.21,107.72
2171,260.97,100.00,39.059,98.60,100.67
2172,261.07,86.44,29.006,85.63,111.21
2173,268.65,52.54,18.099,51.37,108.90
2174,234.83,98.31,36.870,95.78,94.79
2175,192.17,64.41,25.051,63.59,73.07
2176,212.37,84.75,32.974,82.96,91.40
2177,253.49,69.49,28.012,67.75,101.39
2178,263.93,86.44,31.377,83.79,108.58
2179,209.98,94.92,38.389,93.38,84.17
2180,320.69,38.98,15.683,39.58,127.58
2181,208.24,45.76,17.504,45.74,93.84
2182,202.89,96.61,40.633,92.91,87.87
2183,189.09,42.37,15.081,42.09,82.94
2184,235.81,86.44,34.476,83.82,95.82
2185,186.37,88.14,32.378,85.30,79.00
2186,230.01,96.61,33.104,93.96,96.57
2187,252.59,100.00,36.681,97.90,103.14
2188,199.25,100.00,35.198,98.32,89.23
2189,294.70,44.07,17.755,45.16,126.74
2190,241.51,100.00,40.990,96.84,92.18
2191,201.81,81.36,33.725,78.25,80.65
2192,328.24,61.02,27.890,59.26,138.93
2193,284.27,79.66,30.754,78.19,120.78
2194,231.73,100.00,36.649,97.74,94.67
2195,255.44,98.31,42.156,95.79,105.62
2196,215.21,89.83,29.122,87.31,89.43
2197,220.46,100.00,42.745,97.25,90.01
2198,266.18,100.00,38.588,96.61,111.63
2199,215.43,94.92,32.887,91.59,89.47
2200,210.06,84.75,32.972,84.18,81.83
2201,233.20,71.19,26.342,69.77,92.12
2202,234.31,93.22,37.987,90.99,96.57
2203,206.19,77.97,33.068,77.29,91.70
2204,211.65,89.83,34.070,87.25,86.75
2205,230.84,93.22,38.483,90.23,96.45
2206,232.65,98.31,40.997,94.72,98.13
2207,246.87,100.00,44.325,96.45,108.34
2208,212.77,38.98,13.843,38.21,86.14
2209,263.47,71.19,30.080,69.79,106.61
2210,224.77,96.61,38.681,94.54,89.28
2211,221.15,100.00,42.318,96.78,93.27
2212,221.34,64.41,25.342,62.85,95.88
2213,262.98,93.22,38.280,90.93,112.84
2214,270.25,52.54,22.043,51.27,109.54
2215,238.61,67.80,27.024,66.99,105.58
2216,284.64,100.00,38.997,96.21,119.38
2217,289.01,61.02,24.422,59.95,110.59
2218,217.92,100.00,37.996,96.95,86.33
2219,218.49,83.05,37.795,81.38,83.13
2220,253.05,91.53,30.742,88.33,101.67
2221,285.97,64.41,26.864,62.62,113.40
2222,205.33,89.83,33.662,88.93,84.97
2223,273.35,100.00,41.023,96.13,104.64
2224,208.55,89.83,33.516,87.54,87.02
2225,221.62,88.14,37.489,85.96,95.98
2226,337.96,44.07,16.049,45.16,132.56
2227,201.03,76.27,26.178,75.57,89.37
2228,236.88,57.63,23.386,57.63,98.46
2229,275.51,96.61,44.237,93.90,114.78
2230,261.07,57.63,22.642,58.15,103.78
2231,223.33,62.71,26.618,61.87,92.53
2232,232.35,42.37,17.482,42.72,99.71
2233,200.50,59.32,24.268,57.08,80.49
2234,257.69,54.24,22.119,53.65,105.18
2235,280.72,61.02,23.482,59.05,118.06
2236,282.41,76.27,29.984,74.97,110.43
2237,213.33,67.80,26.961,66.72,83.88
2238,272.37,84.75,31.716,81.96,109.35
2239,237.72,93.22,32.617,92.10,96.88
2240,273.54,28.81,10.747,30.27,109.81
2241,290.26,44.07,19.298,44.30,112.66
2242,258.89,88.14,33.739,85.16,103.73
2243,222.02,83.05,27.793,82.39,91.83
2244,222.37,100.00,37.762,96.81,95.28
2245,228.19,100.00,39.528,98.50,100.05
2246,266.47,86.44,36.718,83.44,113.52
2247,192.24,100.00,37.116,96.97,86.12
2248,219.45,94.92,39.003,91.62,92.66
2249,268.45,71.19,27.156,69.43,110.43
2250,229.06,94.92,37.531,93.03,96.26
2251,236.80,100.00,38.906,98.01,95.39
2252,233.30,81.36,37.436,80.53,89.30
2253,278.40,84.75,37.930,84.16,116.22
2254,272.50,77.97,31.295,75.18,107.10
2255,212.14,47.46,16.304,48.14,82.59
2256,235.30,100.00,44.125,97.95,96.92
2257,202.59,54.24,22.310,53.76,91.61
2258,282.89,100.00,37.065,96.43,110.72
2259,166.90,50.85,17.105,49.61,72.13
2260,233.07,100.00,43.277,96.53,102.54
2261,234.81,96.61,36.134,94.47,102.98
2262,206.42,74.58,30.096,72.02,80.63
2263,239.99,91.53,39.240,88.87,100.29
2264,230.63,84.75,39.212,81.40,88.48
2265,185.55,84.75,33.492,82.30,79.02
2266,234.03,59.32,23.339,58.49,89.91
2267,251.98,98.31,40.815,96.37,104.49
2268,243.58,100.00,43.173,96.54,92.84
2269,211.64,100.00,37.166,97.95,89.91
2270,255.06,45.76,20.078,44.85,99.04
2271,273.52,86.44,29.022,85.06,112.31
2272,239.89,71.19,32.078,70.40,97.79
2273,248.11,62.71,22.197,61.58,104.77
2274,248.90,100.00,37.914,97.98,108.40
2275,213.28,59.32,22.329,58.07,88.14
2276,252.19,79.66,26.930,79.41,99.26
2277,262.82,67.80,23.690,66.96,106.66
2278,224.37,84.75,36.243,83.25,94.14
2279,197.68,100.00,41.672,97.38,81.52
2280,201.32,59.32,26.762,59.47,87.12
2281,191.16,100.00,36.164,97.01,73.60
2282,207.59,42.37,12.119,41.20,93.60
2283,182.11,57.63,20.284,56.16,73.44
2284,319.96,30.51,11.105,31.53,136.42
2285,218.17,33.90,16.375,34.39,85.12
2286,289.61,100.00,41.326,97.24,114.15
2287,237.46,100.00,39.821,96.35,92.36
2288,254.84,98.31,41.940,96.92,105.85
2289,202.11,77.97,28.789,76.10,91.01
2290,192.67,88.14,32.891,85.94,83.21
2291,217.53,40.68,14.177,40.89,89.73
2292,202.11,52.54,19.849,50.46,88.38
2293,235.26,94.92,35.424,93.27,99.46
2294,208.06,100.00,40.515,96.87,85.49
2295,243.34,64.41,25.476,64.18,106.45
2296,286.69,76.27,32.012,75.06,123.26
2297,203.13,100.00,34.830,97.27,79.01
2298,188.30,76.27,30.162,75.63,73.03
2299,187.70,93.22,35.258,91.07,73.93
2300,207.38,69.49,29.289,67.01,85.35
2301,238.08,76.27,27.759,73.35,91.19
2302,224.19,98.31,34.353,96.14,96.88
2303,197.90,93.22,33.603,91.88,77.41
2304,220.55,79.66,33.878,77.47,85.75
2305,273.54,100.00,35.072,97.27,116.90
2306,301.54,72.88,25.843,70.66,126.08
2307,215.18,54.24,22.600,54.31,92.45
2308,300.24,47.46,18.439,46.64,127.62
2309,217.44,91.53,38.907,90.86,92.41
2310,251.25,100.00,37.851,97.43,110.07
2311,359.76,44.07,17.585,44.05,145.34
2312,211.66,89.83,33.110,86.73,80.86
2313,233.59,61.02,21.764,59.75,97.93
2314,197.85,88.14,44.611,84.78,88.38
2315,248.94,88.14,33.558,87.14,107.37
2316,228.31,100.00,44.032,97.21,96.21
2317,229.66,89.83,36.011,87.01,92.61
2318,238.05,83.05,33.590,80.86,105.10
2319,224.86,94.92,34.729,92.40,96.99
2320,274.91,96.61,36.480,93.64,107.11
2321,237.92,96.61,41.241,95.00,101.42
2322,247.67,98.31,41.292,95.04,107.96
2323,317.01,62.71,23.739,61.94,125.25
2324,182.38,72.88,30.745,70.30,75.67
2325,233.14,72.88,27.072,72.94,89.53
2326,302.93,54.24,21.012,52.65,128.68
2327,243.86,77.97,30.993,76.54,105.79
2328,194.55,84.75,33.326,84.19,79.40
2329,224.51,79.66,34.282,77.64,99.57
2330,235.65,100.00,37.450,97.73,102.94
2331,280.83,96.61,44.362,95.38,107.74
2332,282.82,96.61,42.705,94.98,108.17
2333,221.24,61.02,21.404,60.91,85.81
2334,184.42,67.80,23.867,67.47,82.07
2335,261.31,84.75,37.218,81.69,106.26
2336,231.91,61.02,19.296,60.79,93.58
2337,238.25,96.61,39.855,94.62,103.39
2338,215.88,76.27,31.443,75.33,93.02
2339,247.99,45.76,17.701,46.54,106.30
2340,178.44,59.32,29.435,59.18,70.08
2341,212.42,83.05,29.695,82.10,82.03
2342,248.93,100.00,40.076,96.94,107.19
2343,234.89,94.92,29.740,92.21,102.35
2344,228.23,96.61,38.969,92.82,89.77
2345,278.20,52.54,22.555,52.47,107.17
2346,338.61,91.53,33.158,90.20,135.45
2347,244.00,84.75,32.289,83.00,96.57
2348,254.28,93.22,35.031,91.49,97.13
2349,212.75,91.53,33.699,89.81,87.55
2350,239.17,100.00,36.822,98.07,98.40
2351,324.32,77.97,27.559,77.67,131.33
2352,253.88,44.07,18.246,44.12,104.17
2353,218.33,100.00,38.690,96.27,92.84
2354,205.71,67.80,22.676,68.02,84.83
2355,259.28,81.36,34.598,79.64,109.24
2356,265.21,79.66,29.366,78.93,111.18
2357,219.17,83.05,37.389,81.33,92.41
2358,258.28,62.71,23.291,60.34,100.42
2359,219.56,100.00,35.537,96.77,96.21
2360,287.71,61.02,22.452,59.59,115.95
2361,184.20,50.85,14.693,50.72,81.86
2362,293.07,72.88,28.417,72.64,118.76
2363,243.99,91.53,42.862,88.85,97.29
2364,294.70,40.68,18.678,42.05,122.81
2365,237.53,37.29,15.813,35.84,103.05
2366,269.89,100.00,47.028,96.94,111.45
2367,240.97,100.00,36.467,98.63,106.45
2368,269.68,67.80,28.774,65.65,111.87
2369,248.69,55.93,22.161,54.23,95.46
2370,266.11,98.31,36.773,95.90,115.65
2371,220.79,79.66,39.073,79.35,91.93
2372,266.65,96.61,33.725,95.58,108.76
2373,313.47,76.27,34.937,73.47,128.66
2374,220.34,77.97,32.843,76.81,84.32
2375,282.57,83.05,30.721,80.23,111.78
2376,217.21,100.00,43.128,96.54,93.65
2377,227.81,81.36,34.021,78.20,87.25
2378,301.34,93.22,37.964,90.16,125.24
2379,233.95,93.22,33.167,91.93,97.61
2380,210.99,100.00,37.171,98.74,83.09
2381,219.81,98.31,39.532,97.22,95.10
2382,247.35,96.61,39.255,93.29,94.65
2383,233.99,59.32,21.891,59.51,97.81
2384,270.59,66.10,29.597,65.67,104.45
2385,212.15,62.71,25.976,61.03,82.33
2386,231.21,100.00,41.425,97.04,89.91
2387,248.72,86.44,31.084,85.64,107.05
2388,234.10,62.71,21.638,63.02,90.93
2389,225.75,94.92,31.763,94.11,100.66
2390,279.43,79.66,32.153,77.78,119.00
2391,209.61,88.14,39.932,87.25,81.03
2392,237.79,84.75,34.455,84.27,103.46
2393,250.77,83.05,29.325,81.35,108.72
2394,207.55,61.02,23.474,60.70,93.28
2395,237.00,98.31,39.848,95.86,93.16
2396,216.97,100.00,38.480,96.72,95.94
2397,255.00,74.58,33.163,73.21,102.73
2398,194.41,98.31,36.033,94.89,84.78
2399,212.75,74.58,30.068,72.02,84.20
2400,222.47,100.00,36.824,97.04,88.28
2401,180.29,100.00,35.788,98.33,81.00
2402,240.22,84.75,34.591,83.62,94.42
2403,205.37,83.05,35.083,80.10,88.11
2404,183.51,77.97,33.120,75.71,82.32
2405,276.42,67.80,21.886,67.26,108.57
2406,211.87,94.92,38.319,93.90,90.51
2407,248.78,72.88,29.800,71.61,94.77
2408,226.00,96.61,34.451,93.53,90.79
2409,255.80,100.00,33.573,97.50,102.98
2410,328.72,55.93,23.316,55.75,137.63
2411,259.82,79.66,31.170,78.98,107.47
2412,259.59,96.61,41.671,92.85,103.37
2413,287.56,37.29,14.657,36.44,119.55
2414,245.72,55.93,20.970,56.27,95.11
2415,244.45,83.05,33.112,82.60,99.89
2416,292.18,74.58,27.360,71.78,125.29
2417,184.31,93.22,46.009,92.44,75.25
2418,214.60,67.80,33.491,65.52,91.07
2419,237.32,77.97,30.913,77.33,93.65
2420,244.99,86.44,35.592,85.42,97.83
2421,225.50,86.44,37.768,83.17,98.42
2422,243.11,100.00,37.981,97.16,93.70
2423,192.14,45.76,14.549,45.20,79.29
2424,252.21,47.46,17.740,48.41,98.24
2425,280.71,77.97,35.188,77.69,118.89
2426,247.40,100.00,41.295,98.79,103.87
2427,264.22,91.53,40.689,89.48,102.83
2428,230.12,91.53,38.687,89.01,100.42
2429,207.04,72.88,28.051,70.92,89.92
2430,295.27,62.71,26.424,60.54,115.66
2431,216.19,89.83,31.369,87.20,88.72
2432,253.34,94.92,32.644,91.98,106.78
2433,272.29,94.92,33.026,91.78,107.30
2434,265.64,50.85,17.633,49.50,101.83
2435,247.95,77.97,34.850,77.54,105.31
2436,224.49,81.36,35.908,80.00,96.61
2437,188.86,84.75,31.656,83.94,81.72
2438,228.03,83.05,34.356,81.26,91.81
2439,191.70,61.02,23.343,61.03,75.86
2440,277.35,74.58,36.092,74.08,106.88
2441,197.23,88.14,35.256,87.20,78.44
2442,215.36,77.97,31.339,77.63,88.80
2443,222.37,86.44,31.939,83.34,91.63
2444,200.84,72.88,27.535,71.38,77.58
2445,273.90,100.00,43.240,98.83,109.02
2446,269.24,98.31,39.948,97.18,114.79
2447,253.85,98.31,38.385,94.88,109.63
2448,225.79,96.61,36.300,93.87,97.87
2449,225.37,79.66,26.147,77.26,89.26
2450,239.68,79.66,35.890,77.70,99.84
2451,299.71,69.49,26.408,68.68,122.92
2452,253.48,98.31,35.961,95.38,98.33
2453,294.13,69.49,25.266,69.64,119.94
2454,253.59,61.02,19.034,59.75,105.29
2455,262.02,100.00,39.223,97.14,99.95
2456,173.95,100.00,37.553,96.90,79.54
2457,276.48,55.93,24.663,55.83,107.75
2458,270.40,84.75,32.104,82.62,110.60
2459,221.01,100.00,39.362,98.07,90.06
2460,220.08,42.37,16.989,43.37,84.13
2461,255.68,76.27,32.882,73.25,106.74
2462,269.15,96.61,36.249,94.48,115.34
2463,309.00,72.88,33.906,72.11,124.69
2464,207.79,94.92,37.602,92.70,91.86
2465,241.71,57.63,21.644,58.16,106.06
2466,243.97,81.36,30.884,79.48,96.83
2467,219.93,86.44,40.087,85.28,95.70
2468,259.74,66.10,23.776,64.71,110.14
2469,233.67,72.88,34.671,71.38,93.60
2470,135.58,23.73,7.552,25.05,59.13
2471,250.62,79.66,32.853,78.11,106.86
2472,241.97,76.27,31.603,74.40,105.87
2473,223.61,89.83,31.436,86.78,95.13
2474,230.69,100.00,40.025,96.56,101.19
2475,216.44,71.19,26.897,68.36,92.91
2476,238.00,93.22,31.666,90.22,104.88
2477,232.74,100.00,37.782,97.77,94.64
2478,196.08,100.00,37.030,98.58,77.26
2479,253.56,96.61,40.424,92.91,103.90
2480,216.52,94.92,34.953,93.88,89.58
2481,251.00,96.61,42.971,92.98,96.73
2482,198.89,100.00,48.109,97.22,89.38
2483,238.98,71.19,27.151,69.57,99.51
2484,226.43,64.41,24.051,64.79,86.99
2485,237.18,61.02,25.012,58.80,104.54
2486,228.92,100.00,37.009,97.27,88.07
2487,253.69,61.02,20.128,59.44,100.39
2488,268.01,79.66,29.966,76.52,102.60
2489,274.84,100.00,36.546,96.67,111.63
2490,192.88,84.75,32.700,81.52,78.73
2491,219.82,64.41,27.163,64.16,95.54
2492,207.13,93.22,40.030,92.09,82.14
2493,234.96,100.00,31.951,97.49,92.52
2494,212.42,49.15,20.317,49.52,87.28
2495,282.51,74.58,30.084,71.71,115.79
2496,316.51,20.34,6.653,19.72,124.80
2497,255.08,96.61,36.985,94.44,109.37
2498,234.19,38.98,15.239,39.58,89.62
2499,207.29,100.00,42.847,98.11,82.83
2500,264.84,96.61,45.241,94.79,109.90
